business_chain_id,stage_name,sequence,knowledge_ids,primary_domains,notes
B01,客户需求,01,KB001;KB006;KB010;KB011;REF018;SOP001;ROLE002;P001_01;P002_01;P003_01;TPL002;DATA002,企业基础;公共案例;项目管理;结构化业务数据,由语义策展后的 Manifest 生成；资产变更时同步重建
B02,需求澄清,02,KB006;KB008;KB010;KB011;SOP001;SOP002;SOP009;ROLE002;ROLE003;P001_01;P001_02;P001_03;P002_01;P002_02;P002_03;P003_01;P003_02;P003_03;TPL002;TPL003,企业基础;企业文档;项目管理,由语义策展后的 Manifest 生成；资产变更时同步重建
B03,解决方案,03,KB006;KB008;KB010;KB011;REF006;REF008;REF013;REF018;POL006;POL013;POL014;POL018;SOP002;SOP003;SOP009;SOP022;SOP023;SOP024;ROLE002;ROLE003;ROLE004;P001_03;P001_04;P001_05;P002_03;P002_04;P002_05;P003_03;P003_04;P003_05;TPL001;TPL003;DATA002,企业基础;企业文档;公共法规标准;公共案例;项目管理;招投标;合同履约;信息安全数据治理;公文规范;财务;结构化业务数据,由语义策展后的 Manifest 生成；资产变更时同步重建
B04,项目立项,04,KB002;KB003;KB004;KB005;KB010;KB011;REF010;REF012;POL005;POL006;POL015;SOP003;SOP004;SOP006;ROLE001;ROLE007;P001_06;P002_06;P003_06;TPL001;DATA004;DATA009,企业基础;公共法规标准;项目管理;财务;结构化业务数据,由语义策展后的 Manifest 生成；资产变更时同步重建
B05,项目计划,05,KB004;KB010;KB011;REF012;REF016;POL005;POL007;POL008;POL016;SOP004;SOP005;SOP006;SOP007;ROLE001;ROLE010;P001_07;P001_08;P002_07;P002_08;P003_07;P003_08;TPL004,企业基础;公共法规标准;公共企业实践;项目管理;会议协同;财务,由语义策展后的 Manifest 生成；资产变更时同步重建
B06,人员配置,06,KB002;KB003;KB010;KB011;REF001;REF015;POL001;POL002;POL004;SOP005;SOP014;SOP025;FAQ001;FAQ003;ROLE006;P001_09;P002_09;P002_28;P003_09;DATA001;DATA007;DATA011,企业基础;人力资源;公共企业实践;招聘;培训绩效;项目管理;结构化业务数据,由语义策展后的 Manifest 生成；资产变更时同步重建
B07,招聘,07,KB010;KB011;REF001;REF002;REF015;POL001;POL002;POL003;SOP014;SOP015;FAQ002;ROLE006;P001_10;P002_10;P003_10;TPL015;TPL016;DATA001;DATA011,企业基础;人力资源;信息安全数据治理;公共企业实践;招聘;培训绩效;结构化业务数据,由语义策展后的 Manifest 生成；资产变更时同步重建
B08,培训,08,KB010;KB011;REF001;REF002;REF015;POL001;POL003;POL004;SOP015;SOP025;SOP026;SOP027;SOP028;FAQ001;FAQ003;ROLE006;TPL017;TPL023;TPL024;TPL025;DATA001;DATA011,企业基础;人力资源;信息安全数据治理;公共企业实践;培训绩效;招聘;结构化业务数据,由语义策展后的 Manifest 生成；资产变更时同步重建
B09,采购,09,KB003;KB005;KB007;KB009;KB010;KB011;REF005;REF007;REF013;REF014;POL011;POL012;POL015;SOP016;SOP017;FAQ007;FAQ008;FAQ012;ROLE005;ROLE007;P001_11;P001_12;P001_13;P002_11;P002_12;P002_13;P003_11;P003_12;P003_13;P003_25;TPL018;TPL019;DATA003;DATA006,企业基础;信息安全数据治理;公共法规标准;采购;供应商;财务;结构化业务数据,由语义策展后的 Manifest 生成；资产变更时同步重建
B10,招投标,10,KB003;KB005;KB007;KB009;KB010;KB011;REF003;REF004;REF005;REF006;REF007;REF008;REF011;REF013;POL011;POL012;POL013;POL014;POL017;POL018;SOP017;SOP029;SOP030;FAQ007;FAQ009;FAQ012;ROLE005;ROLE008;P001_13;P001_14;P001_25;P001_26;P001_27;P001_28;P001_29;P001_30;P001_31;P001_32;P001_33;P002_13;P002_14;P003_13;P003_14;TPL019;TPL026;TPL027;TPL028;DATA003,企业基础;信息安全数据治理;公共法规标准;采购;供应商;招投标;合同履约;结构化业务数据,由语义策展后的 Manifest 生成；资产变更时同步重建
B11,合同,11,KB003;KB005;KB007;KB009;KB010;KB011;REF003;REF005;REF006;REF008;REF011;REF014;POL013;POL014;POL015;POL017;POL018;SOP018;SOP030;FAQ010;FAQ012;ROLE007;ROLE008;P001_15;P001_16;P002_15;P002_16;P002_30;P003_15;P003_16;TPL020;DATA005;DATA010,企业基础;信息安全数据治理;公共法规标准;招投标;合同履约;财务;结构化业务数据,由语义策展后的 Manifest 生成；资产变更时同步重建
B12,项目执行,12,KB004;KB007;KB008;KB010;KB011;REF002;REF003;REF004;REF011;REF012;REF017;REF018;POL005;POL007;POL009;POL012;POL014;POL016;POL017;SOP007;SOP008;SOP009;SOP018;SOP026;FAQ004;FAQ010;FAQ011;FAQ012;ROLE001;ROLE003;ROLE004;ROLE010;P001_17;P001_19;P002_17;P002_19;P002_25;P002_26;P002_28;P003_17;P003_19;P003_26;P003_27;P003_28;P003_29;P003_31;TPL005;TPL007;TPL020;DATA004;DATA005;DATA006;DATA007;DATA008,企业基础;信息安全数据治理;企业文档;公共法规标准;公共企业实践;公共案例;项目管理;供应商;合同履约;财务;培训绩效;经营分析;结构化业务数据,由语义策展后的 Manifest 生成；资产变更时同步重建
B13,会议协同,13,KB010;KB011;REF009;REF016;POL008;POL010;SOP006;SOP007;SOP012;SOP013;SOP022;SOP023;SOP024;FAQ005;FAQ006;ROLE009;P001_08;P001_17;P002_08;P002_17;P002_31;P003_08;P003_17;P003_30;TPL005;TPL009;TPL010;TPL011;TPL012;TPL013;TPL021;TPL022,企业基础;公共法规标准;公共企业实践;会议协同;公文规范;项目管理;企业文档,由语义策展后的 Manifest 生成；资产变更时同步重建
B14,风险管理,14,KB005;KB007;KB009;KB010;KB011;REF003;REF004;REF011;REF014;POL007;POL017;SOP008;SOP009;FAQ004;ROLE004;ROLE008;P001_18;P001_19;P002_18;P002_19;P002_25;P002_26;P002_29;P002_30;P002_31;P003_18;P003_19;P003_27;P003_28;P003_29;TPL006;TPL007,企业基础;信息安全数据治理;公共法规标准;项目管理;合同履约;经营分析;会议协同,由语义策展后的 Manifest 生成；资产变更时同步重建
B15,验收,15,KB010;KB011;POL007;SOP010;SOP018;FAQ004;ROLE010;P001_20;P001_21;P002_20;P002_21;P003_20;P003_21;P003_26;P003_30;P003_31;TPL008,企业基础;项目管理;合同履约,由语义策展后的 Manifest 生成；资产变更时同步重建
B16,结项,16,KB010;KB011;REF009;REF010;REF012;REF016;REF017;POL005;POL008;POL009;POL016;SOP010;SOP011;SOP013;SOP021;ROLE001;ROLE009;P001_22;P002_22;P003_22;TPL014;DATA004;DATA008;DATA010,企业基础;公共法规标准;公共企业实践;项目管理;会议协同;企业文档;财务;知识治理;结构化业务数据,由语义策展后的 Manifest 生成；资产变更时同步重建
B17,经营分析,17,KB010;KB011;REF010;REF014;REF018;POL004;POL015;POL016;SOP011;SOP018;SOP025;SOP026;SOP027;SOP028;FAQ003;FAQ010;FAQ011;ROLE007;P001_23;P002_23;P002_29;P003_23;TPL014;TPL023;TPL024;TPL025;DATA002;DATA004;DATA005;DATA006;DATA007;DATA008;DATA009;DATA010;DATA012,企业基础;公共法规标准;公共案例;培训绩效;财务;项目管理;合同履约;经营分析;企业文档;结构化业务数据,由语义策展后的 Manifest 生成；资产变更时同步重建
B18,知识沉淀,18,KB001;KB004;KB006;KB008;KB010;KB011;KB012;REF009;REF017;POL009;POL010;POL018;SOP011;SOP012;SOP013;SOP019;SOP020;SOP021;SOP022;SOP023;SOP024;FAQ006;ROLE009;P001_24;P002_24;P002_27;P003_24;CASE001;CASE002;CASE003;CASE004;TPL010;TPL021;TPL022;DATA012,企业基础;企业文档;公共法规标准;公共企业实践;公文规范;信息安全数据治理;项目管理;会议协同;知识治理;经营分析;结构化业务数据,由语义策展后的 Manifest 生成；资产变更时同步重建
