claim_id,knowledge_id,section,claim_summary,claim_type,evidence_ref,evidence_locator,verification_status,notes
CLM-0001,KB005,核心内容,采购金额阈值为星澜模拟内部规则，不是国家规定,SYNTHETIC,SRC-SYN-001,approval_rules.procurement_thresholds,VERIFIED,四档阈值均来自企业事实基线
CLM-0002,POL011,3. 领域规则,小于5万元采用简化采购,SYNTHETIC,SRC-SYN-001,approval_rules.procurement_thresholds,VERIFIED,企业内部控制参数
CLM-0003,POL011,3. 领域规则,5万至20万元原则上三家比选,SYNTHETIC,SRC-SYN-001,approval_rules.procurement_thresholds,VERIFIED,企业内部控制参数
CLM-0004,POL011,3. 领域规则,20万至100万元采用竞争性采购,SYNTHETIC,SRC-SYN-001,approval_rules.procurement_thresholds,VERIFIED,企业内部控制参数
CLM-0005,POL011,3. 领域规则,100万元及以上原则上公开招标或专项审批,SYNTHETIC,SRC-SYN-001,approval_rules.procurement_thresholds,VERIFIED,企业内部控制参数
CLM-0006,REF001,可引用的核心结论,书面劳动合同及必备条款,EXPLICIT,SRC-LAW-001,第10条、第17条,VERIFIED,已按登记原始来源复核
CLM-0007,REF001,可引用的核心结论,试用期工资法定底线,EXPLICIT,SRC-LAW-001,第20条,VERIFIED,已按登记原始来源复核
CLM-0008,REF002,可引用的核心结论,个人信息处理合法性基础,EXPLICIT,SRC-LAW-003,第13条,VERIFIED,已按登记原始来源复核
CLM-0009,REF002,可引用的核心结论,保存期限为实现目的所必要的最短时间,EXPLICIT,SRC-LAW-003,第19条,VERIFIED,已按登记原始来源复核
CLM-0010,REF003,可引用的核心结论,国家建立数据分类分级保护制度,EXPLICIT,SRC-LAW-004,第21条,VERIFIED,已按登记原始来源复核
CLM-0011,REF004,可引用的核心结论,网络运营者实行等级保护并留存网络日志不少于六个月,EXPLICIT,SRC-LAW-002,2025修正文本第23条,VERIFIED,已按登记原始来源复核
CLM-0012,REF005,可引用的核心结论,政府采购法采购人具有法定主体限定,EXPLICIT,SRC-MOF-001,第2条,VERIFIED,已按登记原始来源复核
CLM-0013,REF006,可引用的核心结论,依法适用时中标后在规定期限内订立书面合同,EXPLICIT,SRC-LAW-005,第45条、第46条,VERIFIED,已按登记原始来源复核
CLM-0014,REF007,可引用的核心结论,电子投标须遵循身份、加密和平台程序,EXPLICIT,SRC-LAW-007,第23条至第28条,VERIFIED,已按登记原始来源复核
CLM-0015,REF008,可引用的核心结论,合同应按约全面履行并承担违约责任,EXPLICIT,SRC-LAW-006,民法典第509条、第577条,VERIFIED,已按登记原始来源复核
CLM-0016,REF009,可引用的核心结论,企业建立档案责任制并管理应归档材料,EXPLICIT,SRC-LAW-008,第12条、第13条,VERIFIED,已按登记原始来源复核
CLM-0017,REF009,可引用的核心结论,合规电子档案与传统载体档案具有同等效力,EXPLICIT,SRC-LAW-008,第37条,VERIFIED,已按登记原始来源复核
CLM-0018,REF010,可引用的核心结论,会计处理方法保持一致并建立内部会计监督,EXPLICIT,SRC-LAW-009,第18条、第25条,VERIFIED,已按登记原始来源复核
CLM-0019,POL018,3. 领域规则,作品和第三方材料使用前应核验权利,EXPLICIT,SRC-LAW-010,第10条、第11条及许可使用规则,VERIFIED,已按登记原始来源复核
CLM-0020,POL001,2. 职责分工,人力资源管理办法的职责分工和内部控制要求,DERIVED,KB003;REF001;REF002;REF015,上游知识及本制度第3至7节,VERIFIED,由上游规则与企业组织模型派生
CLM-0021,POL002,2. 职责分工,招聘管理制度的职责分工和内部控制要求,DERIVED,POL001;REF001;REF002;REF015,上游知识及本制度第3至7节,VERIFIED,由上游规则与企业组织模型派生
CLM-0022,POL003,2. 职责分工,培训管理制度的职责分工和内部控制要求,DERIVED,POL001;REF015;KB003,上游知识及本制度第3至7节,VERIFIED,由上游规则与企业组织模型派生
CLM-0023,POL004,2. 职责分工,绩效管理办法的职责分工和内部控制要求,DERIVED,POL001;REF015;KB003,上游知识及本制度第3至7节,VERIFIED,由上游规则与企业组织模型派生
CLM-0024,POL005,2. 职责分工,项目管理制度的职责分工和内部控制要求,DERIVED,KB004;KB005;REF012,上游知识及本制度第3至7节,VERIFIED,由上游规则与企业组织模型派生
CLM-0025,POL006,2. 职责分工,项目立项管理办法的职责分工和内部控制要求,DERIVED,POL005;POL015;KB005,上游知识及本制度第3至7节,VERIFIED,由上游规则与企业组织模型派生
CLM-0026,POL007,2. 职责分工,项目变更管理办法的职责分工和内部控制要求,DERIVED,POL005;POL014;REF012,上游知识及本制度第3至7节,VERIFIED,由上游规则与企业组织模型派生
CLM-0027,POL008,2. 职责分工,会议管理制度的职责分工和内部控制要求,DERIVED,KB003;REF009;REF016,上游知识及本制度第3至7节,VERIFIED,由上游规则与企业组织模型派生
CLM-0028,POL009,2. 职责分工,文档管理制度的职责分工和内部控制要求,DERIVED,KB006;KB008;REF009;REF017,上游知识及本制度第3至7节,VERIFIED,由上游规则与企业组织模型派生
CLM-0029,POL010,2. 职责分工,公文管理办法的职责分工和内部控制要求,DERIVED,POL009;KB008;REF009,上游知识及本制度第3至7节,VERIFIED,由上游规则与企业组织模型派生
CLM-0030,POL011,2. 职责分工,采购管理制度的职责分工和内部控制要求,DERIVED,KB005;REF005;REF013;REF014,上游知识及本制度第3至7节,VERIFIED,由上游规则与企业组织模型派生
CLM-0031,POL012,2. 职责分工,供应商管理制度的职责分工和内部控制要求,DERIVED,POL011;REF014;REF018,上游知识及本制度第3至7节,VERIFIED,由上游规则与企业组织模型派生
CLM-0032,POL013,2. 职责分工,招投标管理制度的职责分工和内部控制要求,DERIVED,KB005;REF005;REF006;REF007,上游知识及本制度第3至7节,VERIFIED,由上游规则与企业组织模型派生
CLM-0033,POL014,2. 职责分工,合同管理制度的职责分工和内部控制要求,DERIVED,KB005;REF008;REF014,上游知识及本制度第3至7节,VERIFIED,由上游规则与企业组织模型派生
CLM-0034,POL015,2. 职责分工,预算管理制度的职责分工和内部控制要求,DERIVED,KB005;REF010;REF014,上游知识及本制度第3至7节,VERIFIED,由上游规则与企业组织模型派生
CLM-0035,POL016,2. 职责分工,项目成本管理制度的职责分工和内部控制要求,DERIVED,POL005;POL015;REF010,上游知识及本制度第3至7节,VERIFIED,由上游规则与企业组织模型派生
CLM-0036,POL017,2. 职责分工,信息安全管理制度的职责分工和内部控制要求,DERIVED,KB007;REF002;REF003;REF004;REF011,上游知识及本制度第3至7节,VERIFIED,由上游规则与企业组织模型派生
CLM-0037,POL018,2. 职责分工,知识产权与保密管理制度的职责分工和内部控制要求,DERIVED,POL014;POL017;REF002;REF008,上游知识及本制度第3至7节,VERIFIED,由上游规则与企业组织模型派生
CLM-0038,SOP001,可执行步骤,客户需求澄清流程不得新增上游制度之外的规则,DERIVED,POL005;REF012;KB011,上游制度与本流程可执行步骤,VERIFIED,
CLM-0039,SOP002,可执行步骤,解决方案设计流程不得新增上游制度之外的规则,DERIVED,POL005;POL018;KB007,上游制度与本流程可执行步骤,VERIFIED,
CLM-0040,SOP003,可执行步骤,项目立项流程不得新增上游制度之外的规则,DERIVED,POL005;POL006;POL015;KB005,上游制度与本流程可执行步骤,VERIFIED,
CLM-0041,SOP004,可执行步骤,WBS与里程碑编制流程不得新增上游制度之外的规则,DERIVED,POL005;POL016;REF012,上游制度与本流程可执行步骤,VERIFIED,
CLM-0042,SOP005,可执行步骤,项目资源配置流程不得新增上游制度之外的规则,DERIVED,POL005;POL001;POL004;KB003,上游制度与本流程可执行步骤,VERIFIED,
CLM-0043,SOP006,可执行步骤,项目启动流程不得新增上游制度之外的规则,DERIVED,POL005;POL008;KB005,上游制度与本流程可执行步骤,VERIFIED,
CLM-0044,SOP007,可执行步骤,项目周报与进度管理流程不得新增上游制度之外的规则,DERIVED,POL005;POL016;POL008,上游制度与本流程可执行步骤,VERIFIED,
CLM-0045,SOP008,可执行步骤,项目风险管理流程不得新增上游制度之外的规则,DERIVED,POL005;POL007;POL017;KB009,上游制度与本流程可执行步骤,VERIFIED,
CLM-0046,SOP009,可执行步骤,项目变更控制流程不得新增上游制度之外的规则,DERIVED,POL005;POL007;POL014;KB005,上游制度与本流程可执行步骤,VERIFIED,
CLM-0047,SOP010,可执行步骤,项目验收流程不得新增上游制度之外的规则,DERIVED,POL005;POL007;POL014;KB005,上游制度与本流程可执行步骤,VERIFIED,
CLM-0048,SOP011,可执行步骤,项目结项与复盘流程不得新增上游制度之外的规则,DERIVED,POL005;POL016;POL009;REF009,上游制度与本流程可执行步骤,VERIFIED,
CLM-0049,SOP012,可执行步骤,会议议程与纪要流程不得新增上游制度之外的规则,DERIVED,POL008;POL009;REF016,上游制度与本流程可执行步骤,VERIFIED,
CLM-0050,SOP013,可执行步骤,通知请示报告写作流程不得新增上游制度之外的规则,DERIVED,POL009;POL010;KB008,上游制度与本流程可执行步骤,VERIFIED,
CLM-0051,SOP014,可执行步骤,招聘需求到录用流程不得新增上游制度之外的规则,DERIVED,POL001;POL002;KB005;REF001;REF002,上游制度与本流程可执行步骤,VERIFIED,
CLM-0052,SOP015,可执行步骤,入职培训实施流程不得新增上游制度之外的规则,DERIVED,POL001;POL003;REF015,上游制度与本流程可执行步骤,VERIFIED,
CLM-0053,SOP016,可执行步骤,采购申请与询价流程不得新增上游制度之外的规则,DERIVED,POL011;POL012;POL015;KB005,上游制度与本流程可执行步骤,VERIFIED,
CLM-0054,SOP017,可执行步骤,供应商比选与准入流程不得新增上游制度之外的规则,DERIVED,POL011;POL012;KB005;REF014,上游制度与本流程可执行步骤,VERIFIED,
CLM-0055,SOP018,可执行步骤,合同审核与履约跟踪流程不得新增上游制度之外的规则,DERIVED,POL014;POL015;POL018;KB005;REF008,上游制度与本流程可执行步骤,VERIFIED,
CLM-0056,SOP019,可执行步骤,知识新增与审核流程不得新增上游制度之外的规则,DERIVED,POL009;KB006;KB008;REF017,上游制度与本流程可执行步骤,VERIFIED,
CLM-0057,SOP020,可执行步骤,知识版本与冲突处理流程不得新增上游制度之外的规则,DERIVED,POL009;KB006;KB008,上游制度与本流程可执行步骤,VERIFIED,
CLM-0058,SOP021,可执行步骤,知识废止与归档流程不得新增上游制度之外的规则,DERIVED,POL009;KB006;REF009,上游制度与本流程可执行步骤,VERIFIED,
CLM-0059,SOP022,可执行步骤,文档格式检查流程不得新增上游制度之外的规则,DERIVED,POL009;POL010;KB008,上游制度与本流程可执行步骤,VERIFIED,
CLM-0060,SOP023,可执行步骤,文档排版流程不得新增上游制度之外的规则,DERIVED,POL009;POL010;KB008,上游制度与本流程可执行步骤,VERIFIED,
CLM-0061,SOP024,可执行步骤,格式修复与模板套用流程不得新增上游制度之外的规则,DERIVED,POL009;POL010;KB008,上游制度与本流程可执行步骤,VERIFIED,
CLM-0062,SOP025,可执行步骤,绩效目标制定流程不得新增上游制度之外的规则,DERIVED,POL004;POL005;KB003,上游制度与本流程可执行步骤,VERIFIED,
CLM-0063,SOP026,可执行步骤,中期绩效回顾流程不得新增上游制度之外的规则,DERIVED,POL004;KB003,上游制度与本流程可执行步骤,VERIFIED,
CLM-0064,SOP027,可执行步骤,绩效评价与反馈流程不得新增上游制度之外的规则,DERIVED,POL004;POL001;REF015,上游制度与本流程可执行步骤,VERIFIED,
CLM-0065,SOP028,可执行步骤,绩效改进计划流程不得新增上游制度之外的规则,DERIVED,POL004;POL003,上游制度与本流程可执行步骤,VERIFIED,
CLM-0066,SOP029,可执行步骤,招标文件审查流程不得新增上游制度之外的规则,DERIVED,POL013;POL014;REF005;REF006;REF007;KB009,上游制度与本流程可执行步骤,VERIFIED,
CLM-0067,SOP030,可执行步骤,投标文件审查流程不得新增上游制度之外的规则,DERIVED,POL013;POL014;REF006;REF007;KB009,上游制度与本流程可执行步骤,VERIFIED,
CLM-0068,FAQ001,高频问答,请假与出勤常见问题仅解释上游规则,DERIVED,POL001;REF001,上游制度/流程与本问答,VERIFIED,
CLM-0069,FAQ002,高频问答,招聘面试评价常见问题仅解释上游规则,DERIVED,POL002;SOP014;REF002;REF015,上游制度/流程与本问答,VERIFIED,
CLM-0070,FAQ003,高频问答,绩效目标设定常见问题仅解释上游规则,DERIVED,POL004;SOP025,上游制度/流程与本问答,VERIFIED,
CLM-0071,FAQ004,高频问答,项目延期处理规则仅解释上游规则,DERIVED,POL005;POL007;SOP007;SOP008,上游制度/流程与本问答,VERIFIED,
CLM-0072,FAQ005,高频问答,会议决策与待办常见问题仅解释上游规则,DERIVED,POL008;SOP012,上游制度/流程与本问答,VERIFIED,
CLM-0073,FAQ006,高频问答,公文格式快速检查规则仅解释上游规则,DERIVED,POL009;POL010;SOP022;KB008,上游制度/流程与本问答,VERIFIED,
CLM-0074,FAQ007,高频问答,采购阈值适用问答仅解释上游规则,DERIVED,POL011;POL015;KB005,上游制度/流程与本问答,VERIFIED,
CLM-0075,FAQ008,高频问答,供应商准入问答仅解释上游规则,DERIVED,POL012;SOP017;REF014,上游制度/流程与本问答,VERIFIED,
CLM-0076,FAQ009,高频问答,招投标完整性资格商务技术评分与风险检查规则仅解释上游规则,DERIVED,POL013;SOP029;SOP030;REF006;REF007;KB009,上游制度/流程与本问答,VERIFIED,
CLM-0077,FAQ010,高频问答,合同付款条件检查规则仅解释上游规则,DERIVED,POL014;POL015;SOP018,上游制度/流程与本问答,VERIFIED,
CLM-0078,FAQ011,高频问答,项目成本偏差问答仅解释上游规则,DERIVED,POL016;POL015;DATA008,上游制度/流程与本问答,VERIFIED,
CLM-0079,FAQ012,高频问答,敏感数据使用问答仅解释上游规则,DERIVED,POL017;POL018;REF002;REF003;REF004,上游制度/流程与本问答,VERIFIED,
CLM-0080,POL001,3. 领域规则,建立劳动关系应依法及时订立书面劳动合同,EXPLICIT,SRC-LAW-001,第10条、第17条,VERIFIED,劳动合同强制要求
CLM-0081,POL002,3. 领域规则,候选人信息仅按招聘目的和必要范围处理,EXPLICIT,SRC-LAW-003,第5条、第6条、第13条,VERIFIED,个人信息处理边界
CLM-0082,POL003,3. 领域规则,培训完成不等同岗位能力达标，需以任务验证,DERIVED,POL003;REF015,正文第3至4节,VERIFIED,内部培训控制规则
CLM-0083,POL004,3. 领域规则,目标调整须在周期内留存原因与版本，不得期末追溯改写,DERIVED,POL004;SOP025,正文第3节,VERIFIED,绩效基线控制
CLM-0084,POL005,3. 领域规则,验收依据合同及批准后的需求和变更基线,DERIVED,POL005;POL007;POL014,正文第3节,VERIFIED,项目验收基线规则
CLM-0085,POL006,3. 领域规则,附条件批准须列明条件责任人期限和验证人,DERIVED,POL006;KB005,正文第3至4节,VERIFIED,立项条件控制
CLM-0086,POL007,3. 领域规则,项目变更须分别完成内部授权与客户确认链,DERIVED,POL007;POL014,正文第3节,VERIFIED,变更双确认链
CLM-0087,POL008,3. 领域规则,会议结论不得替代项目预算合同或人事正式审批,DERIVED,POL008;KB005,正文第3节,VERIFIED,会议授权边界
CLM-0088,POL009,3. 领域规则,合规电子档案与传统载体档案具有同等效力,EXPLICIT,SRC-LAW-008,第37条,VERIFIED,电子档案法律效力
CLM-0089,POL010,3. 领域规则,请示请求批准而报告不得夹带请示,DERIVED,POL010;SOP013,正文第3节,VERIFIED,文种选择规则
CLM-0090,POL011,3. 领域规则,关联采购不得拆分规避竞争或审批,DERIVED,POL011;SRC-MOF-003,正文第3节；采购业务控制要求,VERIFIED,采购反拆分控制
CLM-0091,POL012,3. 领域规则,供应商合同主体与收款账户不一致时停止建档或付款,DERIVED,POL012;REF014,正文第3节,VERIFIED,供应商主数据控制
CLM-0092,POL013,3. 领域规则,星澜100万元内部阈值不等同法定必须招标标准,SYNTHETIC,SRC-SYN-001,approval_rules.procurement_thresholds,VERIFIED,内外规则边界
CLM-0093,POL014,3. 领域规则,合同当事人须全面履行并承担通知协助保密等义务,EXPLICIT,SRC-LAW-006,民法典第509条,VERIFIED,合同履行义务
CLM-0094,POL015,3. 领域规则,会计核算必须依据实际发生的经济业务,EXPLICIT,SRC-LAW-009,第9条,VERIFIED,会计真实性要求
CLM-0095,POL016,3. 领域规则,成本偏差须在同一口径下同时说明金额比例原因趋势和截止日,DERIVED,POL016;REF010,正文第3节,VERIFIED,项目成本分析口径
CLM-0096,POL017,3. 领域规则,适用网络运营者义务时相关网络日志留存不少于六个月,EXPLICIT,SRC-LAW-002,2025修正文本第23条,VERIFIED,网络日志留存要求
CLM-0097,POL018,3. 领域规则,复制修改传播受保护作品须有许可或法定依据,EXPLICIT,SRC-LAW-010,第10条、第11条及许可使用规则,VERIFIED,著作权使用边界
