knowledge_id,filename,title,domain,knowledge_type,priority,package,served_agents,business_chain_stage,source_strategy,source_type,required_source_categories,minimum_source_count,synthetic_fields,source_requirement,parent_knowledge,depends_on,dependency_rationale,source_authority,normative_force,applicability,status,notes
KB001,KB001_企业基础_公司简介.md,公司简介,企业基础,ENTERPRISE_FOUNDATION,P0,PACKAGE-01,A03;A05,B01;B18,CANONICAL_FACTS + synthetic enterprise design,SYNTHETIC,,0,企业名称;组织;内部规则,Canonical Facts,,,企业唯一事实源的直接可读入口。,SYNTHETIC,INTERNAL_MANDATORY,DIRECT,planned,模拟企业基础；以 enterprise_model/CANONICAL_FACTS.yaml 为准
KB002,KB002_企业基础_组织架构.md,组织架构,企业基础,ENTERPRISE_FOUNDATION,P0,PACKAGE-01,A02;A03;A07;A08,B04;B06,CANONICAL_FACTS + synthetic enterprise design,SYNTHETIC,,0,企业名称;组织;内部规则,Canonical Facts,KB001,KB001,由企业唯一事实源建立基础知识层级。,SYNTHETIC,INTERNAL_MANDATORY,DIRECT,planned,模拟企业基础；以 enterprise_model/CANONICAL_FACTS.yaml 为准
KB003,KB003_企业基础_部门职责.md,部门职责,企业基础,ENTERPRISE_FOUNDATION,P0,PACKAGE-01,A02;A03;A07;A08;A09;A10;A11;A12,B04;B06;B09;B10;B11,CANONICAL_FACTS + synthetic enterprise design,SYNTHETIC,,0,企业名称;组织;内部规则,Canonical Facts,KB002,KB002,由企业唯一事实源建立基础知识层级。,SYNTHETIC,INTERNAL_MANDATORY,DIRECT,planned,模拟企业基础；以 enterprise_model/CANONICAL_FACTS.yaml 为准
KB004,KB004_企业基础_项目制协作模型.md,项目制协作模型,企业基础,ENTERPRISE_FOUNDATION,P0,PACKAGE-01,A01;A02;A03;A04;A09;A10;A11;A12,B04;B05;B12;B18,CANONICAL_FACTS + synthetic enterprise design,SYNTHETIC,,0,企业名称;组织;内部规则,Canonical Facts,KB003,KB003,由企业唯一事实源建立基础知识层级。,SYNTHETIC,INTERNAL_MANDATORY,DIRECT,planned,模拟企业基础；以 enterprise_model/CANONICAL_FACTS.yaml 为准
KB005,KB005_企业基础_权限审批基本原则.md,权限审批基本原则,企业基础,ENTERPRISE_FOUNDATION,P0,PACKAGE-01,A02;A03;A09;A10;A11;A12,B04;B09;B10;B11;B14,CANONICAL_FACTS + synthetic enterprise design,SYNTHETIC,,0,企业名称;组织;内部规则,Canonical Facts,KB003,KB003,由企业唯一事实源建立基础知识层级。,SYNTHETIC,INTERNAL_MANDATORY,DIRECT,planned,模拟企业基础；以 enterprise_model/CANONICAL_FACTS.yaml 为准
KB006,KB006_企业基础_知识治理与冲突解析.md,知识治理与冲突解析,企业基础,ENTERPRISE_FOUNDATION,P0,PACKAGE-01,A03;A05;A06;A10;A11,B01;B02;B03;B18,CANONICAL_FACTS + synthetic enterprise design,SYNTHETIC,,0,企业名称;组织;内部规则,Canonical Facts,KB001,KB001,由企业唯一事实源建立基础知识层级。,SYNTHETIC,INTERNAL_MANDATORY,DIRECT,planned,模拟企业基础；以 enterprise_model/CANONICAL_FACTS.yaml 为准
KB007,KB007_企业基础_数据分类分级.md,数据分类分级,信息安全数据治理,ENTERPRISE_FOUNDATION,P0,PACKAGE-01,A03;A09;A10;A11;A12,B09;B10;B11;B12;B14,CANONICAL_FACTS + synthetic enterprise design,SYNTHETIC,,0,企业名称;组织;内部规则,Canonical Facts,KB006,KB006,由企业唯一事实源建立基础知识层级。,SYNTHETIC,INTERNAL_MANDATORY,DIRECT,planned,模拟企业基础；以 enterprise_model/CANONICAL_FACTS.yaml 为准
KB008,KB008_企业基础_文档与版本规则.md,文档与版本规则,企业文档,ENTERPRISE_FOUNDATION,P0,PACKAGE-01,A03;A05;A06;A10;A11,B02;B03;B12;B18,CANONICAL_FACTS + synthetic enterprise design,SYNTHETIC,,0,企业名称;组织;内部规则,Canonical Facts,KB006,KB006,由企业唯一事实源建立基础知识层级。,SYNTHETIC,INTERNAL_MANDATORY,DIRECT,planned,模拟企业基础；以 enterprise_model/CANONICAL_FACTS.yaml 为准
KB009,KB009_企业基础_风险等级规则.md,风险等级规则,信息安全数据治理,ENTERPRISE_FOUNDATION,P0,PACKAGE-01,A01;A02;A09;A10;A11;A12,B09;B10;B11;B14,CANONICAL_FACTS + synthetic enterprise design,SYNTHETIC,,0,企业名称;组织;内部规则,Canonical Facts,KB007,KB007,由企业唯一事实源建立基础知识层级。,SYNTHETIC,INTERNAL_MANDATORY,DIRECT,planned,模拟企业基础；以 enterprise_model/CANONICAL_FACTS.yaml 为准
KB010,KB010_企业基础_业务术语表.md,业务术语表,企业基础,ENTERPRISE_FOUNDATION,P0,PACKAGE-01,A01;A02;A03;A04;A05;A06;A07;A08;A09;A10;A11;A12,B01;B02;B03;B04;B05;B06;B07;B08;B09;B10;B11;B12;B13;B14;B15;B16;B17;B18,CANONICAL_FACTS + synthetic enterprise design,SYNTHETIC,,0,企业名称;组织;内部规则,Canonical Facts,KB001,KB001,由企业唯一事实源建立基础知识层级。,SYNTHETIC,INTERNAL_MANDATORY,DIRECT,planned,模拟企业基础；以 enterprise_model/CANONICAL_FACTS.yaml 为准
KB011,KB011_企业基础_企业主业务链.md,企业主业务链,企业基础,ENTERPRISE_FOUNDATION,P0,PACKAGE-01,A01;A02;A03;A04;A05;A06;A07;A08;A09;A10;A11;A12,B01;B02;B03;B04;B05;B06;B07;B08;B09;B10;B11;B12;B13;B14;B15;B16;B17;B18,CANONICAL_FACTS + synthetic enterprise design,SYNTHETIC,,0,企业名称;组织;内部规则,Canonical Facts,KB004,KB004,由企业唯一事实源建立基础知识层级。,SYNTHETIC,INTERNAL_MANDATORY,DIRECT,planned,模拟企业基础；以 enterprise_model/CANONICAL_FACTS.yaml 为准
KB012,KB012_企业基础_模拟企业与数据声明.md,模拟企业与数据声明,企业基础,ENTERPRISE_FOUNDATION,P0,PACKAGE-01,A01;A02;A03;A04;A05;A06;A07;A08;A09;A10;A11;A12,B18,CANONICAL_FACTS + synthetic enterprise design,SYNTHETIC,,0,企业名称;组织;内部规则,Canonical Facts,KB001,KB001,由企业唯一事实源建立基础知识层级。,SYNTHETIC,INTERNAL_MANDATORY,DIRECT,planned,模拟企业基础；以 enterprise_model/CANONICAL_FACTS.yaml 为准
REF001,REF001_公开依据_劳动合同相关规则.md,劳动合同相关规则,人力资源,PUBLIC_REFERENCE,P1,PACKAGE-01,A07;A08,B06;B07;B08,Stage 2 authoritative-source collection,PUBLIC_OFFICIAL,官方规则;公开实践或案例,1,,Stage 2 核验适用范围与有效性,KB006,KB006,公开资料须经适用性、效力与版本判断后使用。,OFFICIAL,REFERENCE,CONDITIONAL,planned,Stage 1.1 仅规划来源；未搜集外部资料
REF002,REF002_公开依据_个人信息保护相关规则.md,个人信息保护相关规则,信息安全数据治理,PUBLIC_REFERENCE,P1,PACKAGE-01,A03;A07;A11,B07;B08;B12,Stage 2 authoritative-source collection,PUBLIC_OFFICIAL,官方规则;公开实践或案例,1,,Stage 2 核验适用范围与有效性,KB006,KB006,公开资料须经适用性、效力与版本判断后使用。,OFFICIAL,REFERENCE,DIRECT,planned,Stage 1.1 仅规划来源；未搜集外部资料
REF003,REF003_公开依据_数据安全相关规则.md,数据安全相关规则,信息安全数据治理,PUBLIC_REFERENCE,P1,PACKAGE-01,A03;A10;A11;A12,B10;B11;B12;B14,Stage 2 authoritative-source collection,PUBLIC_OFFICIAL,官方规则;公开实践或案例,1,,Stage 2 核验适用范围与有效性,KB006,KB006,公开资料须经适用性、效力与版本判断后使用。,OFFICIAL,REFERENCE,DIRECT,planned,Stage 1.1 仅规划来源；未搜集外部资料
REF004,REF004_公开依据_网络安全相关规则.md,网络安全相关规则,信息安全数据治理,PUBLIC_REFERENCE,P1,PACKAGE-01,A03;A10;A11,B10;B12;B14,Stage 2 authoritative-source collection,PUBLIC_OFFICIAL,官方规则;公开实践或案例,1,,Stage 2 核验适用范围与有效性,KB006,KB006,公开资料须经适用性、效力与版本判断后使用。,OFFICIAL,REFERENCE,CONDITIONAL,planned,Stage 1.1 仅规划来源；未搜集外部资料
REF005,REF005_公开依据_政府采购基本规则.md,政府采购基本规则,公共法规标准,PUBLIC_REFERENCE,P1,PACKAGE-01,A09;A10;A11,B09;B10;B11,Stage 2 authoritative-source collection,PUBLIC_OFFICIAL,官方规则;公开实践或案例,1,,Stage 2 核验适用范围与有效性,KB006,KB006,公开资料须经适用性、效力与版本判断后使用。,OFFICIAL,REFERENCE,ANALOGICAL,planned,Stage 1.1 仅规划来源；未搜集外部资料
REF006,REF006_公开依据_招标投标基本规则.md,招标投标基本规则,公共法规标准,PUBLIC_REFERENCE,P1,PACKAGE-01,A01;A09;A10;A11,B03;B10;B11,Stage 2 authoritative-source collection,PUBLIC_OFFICIAL,官方规则;公开实践或案例,1,,Stage 2 核验适用范围与有效性,KB006,KB006,公开资料须经适用性、效力与版本判断后使用。,OFFICIAL,REFERENCE,CONDITIONAL,planned,Stage 1.1 仅规划来源；未搜集外部资料
REF007,REF007_公开依据_电子招标投标规则.md,电子招标投标规则,公共法规标准,PUBLIC_REFERENCE,P1,PACKAGE-01,A09;A10,B09;B10,Stage 2 authoritative-source collection,PUBLIC_OFFICIAL,官方规则;公开实践或案例,1,,Stage 2 核验适用范围与有效性,KB006,KB006,公开资料须经适用性、效力与版本判断后使用。,OFFICIAL,REFERENCE,CONDITIONAL,planned,Stage 1.1 仅规划来源；未搜集外部资料
REF008,REF008_公开依据_合同示范与民商事规则.md,合同示范与民商事规则,公共法规标准,PUBLIC_REFERENCE,P1,PACKAGE-01,A01;A10;A11,B03;B10;B11,Stage 2 authoritative-source collection,PUBLIC_OFFICIAL,官方规则;公开实践或案例,1,,Stage 2 核验适用范围与有效性,KB006,KB006,公开资料须经适用性、效力与版本判断后使用。,OFFICIAL,REFERENCE,CONDITIONAL,planned,Stage 1.1 仅规划来源；未搜集外部资料
REF009,REF009_公开依据_档案管理相关规则.md,档案管理相关规则,公共法规标准,PUBLIC_REFERENCE,P1,PACKAGE-01,A03;A04;A05,B13;B16;B18,Stage 2 authoritative-source collection,PUBLIC_OFFICIAL,官方规则;公开实践或案例,1,,Stage 2 核验适用范围与有效性,KB006,KB006,公开资料须经适用性、效力与版本判断后使用。,OFFICIAL,REFERENCE,CONDITIONAL,planned,Stage 1.1 仅规划来源；未搜集外部资料
REF010,REF010_公开依据_会计与项目成本规则.md,会计与项目成本规则,公共法规标准,PUBLIC_REFERENCE,P1,PACKAGE-01,A02;A12,B04;B16;B17,Stage 2 authoritative-source collection,PUBLIC_OFFICIAL,官方规则;公开实践或案例,1,,Stage 2 核验适用范围与有效性,KB006,KB006,公开资料须经适用性、效力与版本判断后使用。,OFFICIAL,REFERENCE,DIRECT,planned,Stage 1.1 仅规划来源；未搜集外部资料
REF011,REF011_公开依据_信息安全管理体系参考.md,信息安全管理体系参考,公共法规标准,PUBLIC_REFERENCE,P1,PACKAGE-01,A03;A10;A11,B10;B11;B12;B14,Stage 2 authoritative-source collection,PUBLIC_OFFICIAL,官方规则;公开实践或案例,1,,Stage 2 核验适用范围与有效性,KB006,KB006,公开资料须经适用性、效力与版本判断后使用。,OFFICIAL,REFERENCE,ANALOGICAL,planned,Stage 1.1 仅规划来源；未搜集外部资料
REF012,REF012_公开依据_项目管理实践参考.md,项目管理实践参考,公共法规标准,PUBLIC_REFERENCE,P1,PACKAGE-01,A02;A04;A12,B04;B05;B12;B16,Stage 2 authoritative-source collection,PUBLIC_CORPORATE,官方规则;公开实践或案例,1,,Stage 2 核验适用范围与有效性,KB006,KB006,公开资料须经适用性、效力与版本判断后使用。,PUBLIC_CORPORATE,REFERENCE,ANALOGICAL,planned,Stage 1.1 仅规划来源；未搜集外部资料
REF013,REF013_公开依据_采购需求编制参考.md,采购需求编制参考,公共法规标准,PUBLIC_REFERENCE,P1,PACKAGE-01,A01;A09;A10,B03;B09;B10,Stage 2 authoritative-source collection,PUBLIC_OFFICIAL,官方规则;公开实践或案例,1,,Stage 2 核验适用范围与有效性,KB006,KB006,公开资料须经适用性、效力与版本判断后使用。,OFFICIAL,REFERENCE,ANALOGICAL,planned,Stage 1.1 仅规划来源；未搜集外部资料
REF014,REF014_公开依据_企业内部控制参考.md,企业内部控制参考,公共法规标准,PUBLIC_REFERENCE,P1,PACKAGE-01,A02;A09;A11;A12,B09;B11;B14;B17,Stage 2 authoritative-source collection,PUBLIC_OFFICIAL,官方规则;公开实践或案例,1,,Stage 2 核验适用范围与有效性,KB006,KB006,公开资料须经适用性、效力与版本判断后使用。,OFFICIAL,REFERENCE,ANALOGICAL,planned,Stage 1.1 仅规划来源；未搜集外部资料
REF015,REF015_公开依据_人力资源管理实践参考.md,人力资源管理实践参考,公共企业实践,PUBLIC_REFERENCE,P1,PACKAGE-01,A07;A08,B06;B07;B08,Stage 2 authoritative-source collection,PUBLIC_CORPORATE,官方规则;公开实践或案例,1,,Stage 2 核验适用范围与有效性,KB006,KB006,公开资料须经适用性、效力与版本判断后使用。,PUBLIC_CORPORATE,REFERENCE,ANALOGICAL,planned,Stage 1.1 仅规划来源；未搜集外部资料
REF016,REF016_公开依据_会议治理实践参考.md,会议治理实践参考,公共企业实践,PUBLIC_REFERENCE,P1,PACKAGE-01,A02;A04;A05,B05;B13;B16,Stage 2 authoritative-source collection,PUBLIC_CORPORATE,官方规则;公开实践或案例,1,,Stage 2 核验适用范围与有效性,KB006,KB006,公开资料须经适用性、效力与版本判断后使用。,PUBLIC_CORPORATE,REFERENCE,ANALOGICAL,planned,Stage 1.1 仅规划来源；未搜集外部资料
REF017,REF017_公开依据_知识管理实践参考.md,知识管理实践参考,公共企业实践,PUBLIC_REFERENCE,P1,PACKAGE-01,A03;A05;A06,B12;B16;B18,Stage 2 authoritative-source collection,PUBLIC_CORPORATE,官方规则;公开实践或案例,1,,Stage 2 核验适用范围与有效性,KB006,KB006,公开资料须经适用性、效力与版本判断后使用。,PUBLIC_CORPORATE,REFERENCE,ANALOGICAL,planned,Stage 1.1 仅规划来源；未搜集外部资料
REF018,REF018_公开依据_公开政企项目案例研究方法.md,公开政企项目案例研究方法,公共案例,PUBLIC_REFERENCE,P1,PACKAGE-01,A01;A02;A10;A12,B01;B03;B12;B17,Stage 2 authoritative-source collection,PUBLIC_CASE,官方规则;公开实践或案例,1,,Stage 2 核验适用范围与有效性,KB006,KB006,公开资料须经适用性、效力与版本判断后使用。,PUBLIC_CASE,REFERENCE,ANALOGICAL,planned,Stage 1.1 仅规划来源；未搜集外部资料
POL001,POL001_企业制度_人力资源管理办法.md,人力资源管理办法,人力资源,POLICY,P1,PACKAGE-01,A03;A07;A08,B06;B07;B08,PUBLIC_OFFICIAL + PUBLIC_CORPORATE/PUBLIC_CASE + SYNTHETIC_PARAMETERS,SYNTHETIC_DERIVED,劳动与用工官方规则;个人信息保护规则;企业人力资源实践,3,岗位体系;审批层级;员工规模,Stage 2 至少核验三类来源；内部参数必须与公共依据分层,KB005,KB003;REF001;REF002;REF015,制度综合适用公共依据、公开实践和星澜内部参数。,INTERNAL_DERIVED,INTERNAL_MANDATORY,DIRECT,planned,
POL002,POL002_企业制度_招聘管理制度.md,招聘管理制度,招聘,POLICY,P1,PACKAGE-01,A03;A07;A08,B06;B07,PUBLIC_OFFICIAL + PUBLIC_CORPORATE/PUBLIC_CASE + SYNTHETIC_PARAMETERS,SYNTHETIC_DERIVED,劳动相关官方规则;个人信息保护规则;企业招聘实践,3,招聘审批;面试轮次;录用权限,Stage 2 至少核验三类来源；内部参数必须与公共依据分层,KB005,POL001;REF001;REF002;REF015,制度综合适用公共依据、公开实践和星澜内部参数。,INTERNAL_DERIVED,INTERNAL_MANDATORY,DIRECT,planned,
POL003,POL003_企业制度_培训管理制度.md,培训管理制度,培训绩效,POLICY,P1,PACKAGE-01,A03;A07;A08,B07;B08,PUBLIC_OFFICIAL + PUBLIC_CORPORATE/PUBLIC_CASE + SYNTHETIC_PARAMETERS,SYNTHETIC_DERIVED,劳动与职业发展相关规则;企业培训实践;培训案例,3,培训预算;课程分级;审批角色,Stage 2 至少核验三类来源；内部参数必须与公共依据分层,KB005,POL001;REF015;KB003,制度综合适用公共依据、公开实践和星澜内部参数。,INTERNAL_DERIVED,INTERNAL_MANDATORY,DIRECT,planned,
POL004,POL004_企业制度_绩效管理办法.md,绩效管理办法,培训绩效,POLICY,P1,PACKAGE-01,A07;A08;A12,B06;B08;B17,PUBLIC_OFFICIAL + PUBLIC_CORPORATE/PUBLIC_CASE + SYNTHETIC_PARAMETERS,SYNTHETIC_DERIVED,劳动相关官方规则;企业绩效实践;绩效改进案例,3,绩效周期;评分口径;审批与申诉链,Stage 2 至少核验三类来源；内部参数必须与公共依据分层,KB005,POL001;REF015;KB003,制度综合适用公共依据、公开实践和星澜内部参数。,INTERNAL_DERIVED,INTERNAL_MANDATORY,DIRECT,planned,
POL005,POL005_企业制度_项目管理制度.md,项目管理制度,项目管理,POLICY,P1,PACKAGE-01,A01;A02;A03;A12,B04;B05;B12;B16,PUBLIC_OFFICIAL + PUBLIC_CORPORATE/PUBLIC_CASE + SYNTHETIC_PARAMETERS,SYNTHETIC_DERIVED,项目管理标准或指南;企业项目实践;政企项目案例,3,项目分级;治理角色;里程碑阈值,Stage 2 至少核验三类来源；内部参数必须与公共依据分层,KB005,KB004;KB005;REF012,制度综合适用公共依据、公开实践和星澜内部参数。,INTERNAL_DERIVED,INTERNAL_MANDATORY,DIRECT,planned,
POL006,POL006_企业制度_项目立项管理办法.md,项目立项管理办法,项目管理,POLICY,P1,PACKAGE-01,A01;A02;A12,B03;B04,PUBLIC_OFFICIAL + PUBLIC_CORPORATE/PUBLIC_CASE + SYNTHETIC_PARAMETERS,SYNTHETIC_DERIVED,项目管理实践;企业投资或立项内控;公开项目案例,3,立项门槛;审批层级;材料清单,Stage 2 至少核验三类来源；内部参数必须与公共依据分层,KB005,POL005;POL015;KB005,制度综合适用公共依据、公开实践和星澜内部参数。,INTERNAL_DERIVED,INTERNAL_MANDATORY,DIRECT,planned,
POL007,POL007_企业制度_项目变更管理办法.md,项目变更管理办法,项目管理,POLICY,P1,PACKAGE-01,A02;A10;A11;A12,B05;B12;B14;B15,PUBLIC_OFFICIAL + PUBLIC_CORPORATE/PUBLIC_CASE + SYNTHETIC_PARAMETERS,SYNTHETIC_DERIVED,项目变更实践;合同变更规则;变更争议案例,3,变更等级;审批时限;影响阈值,Stage 2 至少核验三类来源；内部参数必须与公共依据分层,KB005,POL005;POL014;REF012,制度综合适用公共依据、公开实践和星澜内部参数。,INTERNAL_DERIVED,INTERNAL_MANDATORY,DIRECT,planned,
POL008,POL008_企业制度_会议管理制度.md,会议管理制度,会议协同,POLICY,P1,PACKAGE-01,A02;A03;A04;A05,B05;B13;B16,PUBLIC_OFFICIAL + PUBLIC_CORPORATE/PUBLIC_CASE + SYNTHETIC_PARAMETERS,SYNTHETIC_DERIVED,档案管理规则;企业会议实践;项目会议案例,3,会议分级;召集权限;归档时限,Stage 2 至少核验三类来源；内部参数必须与公共依据分层,KB005,KB003;REF009;REF016,制度综合适用公共依据、公开实践和星澜内部参数。,INTERNAL_DERIVED,INTERNAL_MANDATORY,DIRECT,planned,
POL009,POL009_企业制度_文档管理制度.md,文档管理制度,企业文档,POLICY,P1,PACKAGE-01,A03;A04;A05;A06,B12;B16;B18,PUBLIC_OFFICIAL + PUBLIC_CORPORATE/PUBLIC_CASE + SYNTHETIC_PARAMETERS,SYNTHETIC_DERIVED,档案管理规则;知识管理实践;企业文档规范,3,文档分类;版本编号;审批发布链,Stage 2 至少核验三类来源；内部参数必须与公共依据分层,KB005,KB006;KB008;REF009;REF017,制度综合适用公共依据、公开实践和星澜内部参数。,INTERNAL_DERIVED,INTERNAL_MANDATORY,DIRECT,planned,
POL010,POL010_企业制度_公文管理办法.md,公文管理办法,公文规范,POLICY,P1,PACKAGE-01,A03;A05;A06,B13;B18,PUBLIC_OFFICIAL + PUBLIC_CORPORATE/PUBLIC_CASE + SYNTHETIC_PARAMETERS,SYNTHETIC_DERIVED,公文与档案官方规则;公开企业公文实践;格式案例,3,公司版式;签发权限;模板编号,Stage 2 至少核验三类来源；内部参数必须与公共依据分层,KB005,POL009;KB008;REF009,制度综合适用公共依据、公开实践和星澜内部参数。,INTERNAL_DERIVED,INTERNAL_MANDATORY,DIRECT,planned,
POL011,POL011_企业制度_采购管理制度.md,采购管理制度,采购,POLICY,P1,PACKAGE-01,A02;A09;A10;A11,B09;B10,PUBLIC_OFFICIAL + PUBLIC_CORPORATE/PUBLIC_CASE + SYNTHETIC_PARAMETERS,SYNTHETIC_DERIVED,官方采购或招投标规则;企业采购内控实践;信息化采购案例,3,采购金额阈值;审批层级;部门名称,Stage 2 至少核验三类来源；内部参数必须与公共依据分层,KB005,KB005;REF005;REF013;REF014,制度综合适用公共依据、公开实践和星澜内部参数。,INTERNAL_DERIVED,INTERNAL_MANDATORY,DIRECT,planned,
POL012,POL012_企业制度_供应商管理制度.md,供应商管理制度,供应商,POLICY,P1,PACKAGE-01,A09;A10;A11;A12,B09;B10;B12,PUBLIC_OFFICIAL + PUBLIC_CORPORATE/PUBLIC_CASE + SYNTHETIC_PARAMETERS,SYNTHETIC_DERIVED,企业内控参考;供应商管理实践;供应商风险案例,3,准入评分;分级阈值;复评周期,Stage 2 至少核验三类来源；内部参数必须与公共依据分层,KB005,POL011;REF014;REF018,制度综合适用公共依据、公开实践和星澜内部参数。,INTERNAL_DERIVED,INTERNAL_MANDATORY,DIRECT,planned,
POL013,POL013_企业制度_招投标管理制度.md,招投标管理制度,招投标,POLICY,P1,PACKAGE-01,A01;A09;A10;A11,B03;B10;B11,PUBLIC_OFFICIAL + PUBLIC_CORPORATE/PUBLIC_CASE + SYNTHETIC_PARAMETERS,SYNTHETIC_DERIVED,招标投标官方规则;电子招投标规则;公开招投标案例,3,内部职责;审查节点;风险分级,Stage 2 至少核验三类来源；内部参数必须与公共依据分层,KB005,KB005;REF005;REF006;REF007,制度综合适用公共依据、公开实践和星澜内部参数。,INTERNAL_DERIVED,INTERNAL_MANDATORY,DIRECT,planned,
POL014,POL014_企业制度_合同管理制度.md,合同管理制度,合同履约,POLICY,P1,PACKAGE-01,A01;A02;A10;A11,B03;B10;B11;B12,PUBLIC_OFFICIAL + PUBLIC_CORPORATE/PUBLIC_CASE + SYNTHETIC_PARAMETERS,SYNTHETIC_DERIVED,民商事与合同官方规则;企业合同内控实践;合同争议案例,3,合同审批权限;付款节点;归档要求,Stage 2 至少核验三类来源；内部参数必须与公共依据分层,KB005,KB005;REF008;REF014,制度综合适用公共依据、公开实践和星澜内部参数。,INTERNAL_DERIVED,INTERNAL_MANDATORY,DIRECT,planned,
POL015,POL015_企业制度_预算管理制度.md,预算管理制度,财务,POLICY,P1,PACKAGE-01,A02;A09;A11;A12,B04;B09;B11;B17,PUBLIC_OFFICIAL + PUBLIC_CORPORATE/PUBLIC_CASE + SYNTHETIC_PARAMETERS,SYNTHETIC_DERIVED,会计与预算规则;企业预算内控;项目预算案例,3,预算科目;审批阈值;滚动周期,Stage 2 至少核验三类来源；内部参数必须与公共依据分层,KB005,KB005;REF010;REF014,制度综合适用公共依据、公开实践和星澜内部参数。,INTERNAL_DERIVED,INTERNAL_MANDATORY,DIRECT,planned,
POL016,POL016_企业制度_项目成本管理制度.md,项目成本管理制度,财务,POLICY,P1,PACKAGE-01,A02;A12,B05;B12;B16;B17,PUBLIC_OFFICIAL + PUBLIC_CORPORATE/PUBLIC_CASE + SYNTHETIC_PARAMETERS,SYNTHETIC_DERIVED,会计与成本规则;项目成本实践;成本偏差案例,3,成本口径;预警阈值;分摊规则,Stage 2 至少核验三类来源；内部参数必须与公共依据分层,KB005,POL005;POL015;REF010,制度综合适用公共依据、公开实践和星澜内部参数。,INTERNAL_DERIVED,INTERNAL_MANDATORY,DIRECT,planned,
POL017,POL017_企业制度_信息安全管理制度.md,信息安全管理制度,信息安全数据治理,POLICY,P1,PACKAGE-01,A03;A07;A10;A11;A12,B10;B11;B12;B14,PUBLIC_OFFICIAL + PUBLIC_CORPORATE/PUBLIC_CASE + SYNTHETIC_PARAMETERS,SYNTHETIC_DERIVED,数据与个人信息官方规则;网络安全规则;信息安全标准实践,3,数据分级;授权角色;处置时限,Stage 2 至少核验三类来源；内部参数必须与公共依据分层,KB005,KB007;REF002;REF003;REF004;REF011,制度综合适用公共依据、公开实践和星澜内部参数。,INTERNAL_DERIVED,INTERNAL_MANDATORY,DIRECT,planned,
POL018,POL018_企业制度_知识产权与保密管理制度.md,知识产权与保密管理制度,信息安全数据治理,POLICY,P1,PACKAGE-01,A03;A05;A10;A11,B03;B10;B11;B18,PUBLIC_OFFICIAL + PUBLIC_CORPORATE/PUBLIC_CASE + SYNTHETIC_PARAMETERS,SYNTHETIC_DERIVED,知识产权与合同官方规则;个人信息保护规则;企业保密实践,3,密级;授权范围;内部处置流程,Stage 2 至少核验三类来源；内部参数必须与公共依据分层,KB005,POL014;POL017;REF002;REF008,制度综合适用公共依据、公开实践和星澜内部参数。,INTERNAL_DERIVED,INTERNAL_MANDATORY,DIRECT,planned,
SOP001,SOP001_项目管理_客户需求澄清流程.md,客户需求澄清流程,项目管理,SOP,P1,PACKAGE-01,A01;A02,B01;B02,INTERNAL_DERIVED from curated upstream rules,INTERNAL_DERIVED,,0,角色;审批节点;内部时限,内部流程；Stage 2 公共来源仅在适用时作为依据,POL005;REF012;KB011,POL005;REF012;KB011,需求澄清受项目治理、业务链和项目实践约束。,INTERNAL_DERIVED,INTERNAL_MANDATORY,DIRECT,planned,
SOP002,SOP002_项目管理_解决方案设计流程.md,解决方案设计流程,项目管理,SOP,P1,PACKAGE-01,A01;A02;A05,B02;B03,INTERNAL_DERIVED from curated upstream rules,INTERNAL_DERIVED,,0,角色;审批节点;内部时限,内部流程；Stage 2 公共来源仅在适用时作为依据,POL005;POL018;KB007,POL005;POL018;KB007,方案设计需遵循项目治理、保密与数据分级。,INTERNAL_DERIVED,INTERNAL_MANDATORY,DIRECT,planned,
SOP003,SOP003_项目管理_项目立项流程.md,项目立项流程,项目管理,SOP,P1,PACKAGE-01,A01;A02;A12,B03;B04,INTERNAL_DERIVED from curated upstream rules,INTERNAL_DERIVED,,0,角色;审批节点;内部时限,内部流程；Stage 2 公共来源仅在适用时作为依据,POL005;POL006;POL015;KB005,POL005;POL006;POL015;KB005,立项同时受项目制度、预算和审批权限约束。,INTERNAL_DERIVED,INTERNAL_MANDATORY,DIRECT,planned,
SOP004,SOP004_项目管理_WBS与里程碑编制流程.md,WBS与里程碑编制流程,项目管理,SOP,P1,PACKAGE-01,A02;A12,B04;B05,INTERNAL_DERIVED from curated upstream rules,INTERNAL_DERIVED,,0,角色;审批节点;内部时限,内部流程；Stage 2 公共来源仅在适用时作为依据,POL005;POL016;REF012,POL005;POL016;REF012,计划拆解需满足项目与成本管理要求。,INTERNAL_DERIVED,INTERNAL_MANDATORY,DIRECT,planned,
SOP005,SOP005_项目管理_项目资源配置流程.md,项目资源配置流程,项目管理,SOP,P1,PACKAGE-01,A02;A07;A08,B05;B06,INTERNAL_DERIVED from curated upstream rules,INTERNAL_DERIVED,,0,角色;审批节点;内部时限,内部流程；Stage 2 公共来源仅在适用时作为依据,POL005;POL001;POL004;KB003,POL005;POL001;POL004;KB003,资源配置受项目、人力、绩效与部门职责约束。,INTERNAL_DERIVED,INTERNAL_MANDATORY,DIRECT,planned,
SOP006,SOP006_项目管理_项目启动流程.md,项目启动流程,项目管理,SOP,P1,PACKAGE-01,A02;A04,B04;B05;B13,INTERNAL_DERIVED from curated upstream rules,INTERNAL_DERIVED,,0,角色;审批节点;内部时限,内部流程；Stage 2 公共来源仅在适用时作为依据,POL005;POL008;KB005,POL005;POL008;KB005,项目启动需完成治理授权和会议留痕。,INTERNAL_DERIVED,INTERNAL_MANDATORY,DIRECT,planned,
SOP007,SOP007_项目管理_项目周报与进度管理流程.md,项目周报与进度管理流程,项目管理,SOP,P1,PACKAGE-01,A02;A04;A12,B05;B12;B13,INTERNAL_DERIVED from curated upstream rules,INTERNAL_DERIVED,,0,角色;审批节点;内部时限,内部流程；Stage 2 公共来源仅在适用时作为依据,POL005;POL016;POL008,POL005;POL016;POL008,进度报告需联动项目基线、成本和会议决策。,INTERNAL_DERIVED,INTERNAL_MANDATORY,DIRECT,planned,
SOP008,SOP008_项目管理_项目风险管理流程.md,项目风险管理流程,项目管理,SOP,P1,PACKAGE-01,A01;A02;A10;A11;A12,B12;B14,INTERNAL_DERIVED from curated upstream rules,INTERNAL_DERIVED,,0,角色;审批节点;内部时限,内部流程；Stage 2 公共来源仅在适用时作为依据,POL005;POL007;POL017;KB009,POL005;POL007;POL017;KB009,风险处置需结合变更、安全制度和风险分级。,INTERNAL_DERIVED,INTERNAL_MANDATORY,DIRECT,planned,
SOP009,SOP009_项目管理_项目变更控制流程.md,项目变更控制流程,项目管理,SOP,P1,PACKAGE-01,A01;A02;A10;A11;A12,B02;B03;B12;B14,INTERNAL_DERIVED from curated upstream rules,INTERNAL_DERIVED,,0,角色;审批节点;内部时限,内部流程；Stage 2 公共来源仅在适用时作为依据,POL005;POL007;POL014;KB005,POL005;POL007;POL014;KB005,变更必须评估项目、合同和授权影响。,INTERNAL_DERIVED,INTERNAL_MANDATORY,DIRECT,planned,
SOP010,SOP010_项目管理_项目验收流程.md,项目验收流程,项目管理,SOP,P1,PACKAGE-01,A01;A02;A10;A11,B15;B16,INTERNAL_DERIVED from curated upstream rules,INTERNAL_DERIVED,,0,角色;审批节点;内部时限,内部流程；Stage 2 公共来源仅在适用时作为依据,POL005;POL007;POL014;KB005,POL005;POL007;POL014;KB005,验收以项目基线、有效变更和合同条件为依据。,INTERNAL_DERIVED,INTERNAL_MANDATORY,DIRECT,planned,
SOP011,SOP011_项目管理_项目结项与复盘流程.md,项目结项与复盘流程,项目管理,SOP,P1,PACKAGE-01,A02;A03;A12,B16;B17;B18,INTERNAL_DERIVED from curated upstream rules,INTERNAL_DERIVED,,0,角色;审批节点;内部时限,内部流程；Stage 2 公共来源仅在适用时作为依据,POL005;POL016;POL009;REF009,POL005;POL016;POL009;REF009,结项需完成经营核对、档案归集和知识沉淀。,INTERNAL_DERIVED,INTERNAL_MANDATORY,DIRECT,planned,
SOP012,SOP012_会议协同_会议议程与纪要流程.md,会议议程与纪要流程,会议协同,SOP,P1,PACKAGE-01,A02;A04;A05,B13;B18,INTERNAL_DERIVED from curated upstream rules,INTERNAL_DERIVED,,0,角色;审批节点;内部时限,内部流程；Stage 2 公共来源仅在适用时作为依据,POL008;POL009;REF016,POL008;POL009;REF016,会议产出受会议治理、文档归档和公开实践约束。,INTERNAL_DERIVED,INTERNAL_MANDATORY,DIRECT,planned,
SOP013,SOP013_企业文档_通知请示报告写作流程.md,通知请示报告写作流程,企业文档,SOP,P1,PACKAGE-01,A03;A05;A06,B13;B16;B18,INTERNAL_DERIVED from curated upstream rules,INTERNAL_DERIVED,,0,角色;审批节点;内部时限,内部流程；Stage 2 公共来源仅在适用时作为依据,POL009;POL010;KB008,POL009;POL010;KB008,企业写作需遵循文档、公文和版本规则。,INTERNAL_DERIVED,INTERNAL_MANDATORY,DIRECT,planned,
SOP014,SOP014_招聘_招聘需求到录用流程.md,招聘需求到录用流程,招聘,SOP,P1,PACKAGE-01,A07;A08,B06;B07,INTERNAL_DERIVED from curated upstream rules,INTERNAL_DERIVED,,0,角色;审批节点;内部时限,内部流程；Stage 2 公共来源仅在适用时作为依据,POL001;POL002;KB005;REF001;REF002,POL001;POL002;KB005;REF001;REF002,招聘需同时满足用工、招聘、权限和个人信息规则。,INTERNAL_DERIVED,INTERNAL_MANDATORY,DIRECT,planned,
SOP015,SOP015_培训绩效_入职培训实施流程.md,入职培训实施流程,培训绩效,SOP,P1,PACKAGE-01,A07;A08,B07;B08,INTERNAL_DERIVED from curated upstream rules,INTERNAL_DERIVED,,0,角色;审批节点;内部时限,内部流程；Stage 2 公共来源仅在适用时作为依据,POL001;POL003;REF015,POL001;POL003;REF015,入职培训由人力与培训制度及公开实践共同约束。,INTERNAL_DERIVED,INTERNAL_MANDATORY,DIRECT,planned,
SOP016,SOP016_采购_采购申请与询价流程.md,采购申请与询价流程,采购,SOP,P1,PACKAGE-01,A09;A10;A11,B09,INTERNAL_DERIVED from curated upstream rules,INTERNAL_DERIVED,,0,角色;审批节点;内部时限,内部流程；Stage 2 公共来源仅在适用时作为依据,POL011;POL012;POL015;KB005,POL011;POL012;POL015;KB005,采购申请需满足采购、供应商、预算和审批规则。,INTERNAL_DERIVED,INTERNAL_MANDATORY,DIRECT,planned,
SOP017,SOP017_供应商_供应商比选与准入流程.md,供应商比选与准入流程,供应商,SOP,P1,PACKAGE-01,A09;A10;A11;A12,B09;B10,INTERNAL_DERIVED from curated upstream rules,INTERNAL_DERIVED,,0,角色;审批节点;内部时限,内部流程；Stage 2 公共来源仅在适用时作为依据,POL011;POL012;KB005;REF014,POL011;POL012;KB005;REF014,比选准入需联动采购制度、供应商规则与内控。,INTERNAL_DERIVED,INTERNAL_MANDATORY,DIRECT,planned,
SOP018,SOP018_合同履约_合同审核与履约跟踪流程.md,合同审核与履约跟踪流程,合同履约,SOP,P1,PACKAGE-01,A02;A10;A11;A12,B11;B12;B15;B17,INTERNAL_DERIVED from curated upstream rules,INTERNAL_DERIVED,,0,角色;审批节点;内部时限,内部流程；Stage 2 公共来源仅在适用时作为依据,POL014;POL015;POL018;KB005;REF008,POL014;POL015;POL018;KB005;REF008,合同审查与履约需覆盖授权、预算、付款、知识产权和保密。,INTERNAL_DERIVED,INTERNAL_MANDATORY,DIRECT,planned,
SOP019,SOP019_知识治理_知识新增与审核流程.md,知识新增与审核流程,知识治理,SOP,P1,PACKAGE-01,A03;A05,B18,INTERNAL_DERIVED from curated upstream rules,INTERNAL_DERIVED,,0,角色;审批节点;内部时限,内部流程；Stage 2 公共来源仅在适用时作为依据,POL009;KB006;KB008;REF017,POL009;KB006;KB008;REF017,知识入库需有责任人、依据、审核和版本标识。,INTERNAL_DERIVED,INTERNAL_MANDATORY,DIRECT,planned,
SOP020,SOP020_知识治理_知识版本与冲突处理流程.md,知识版本与冲突处理流程,知识治理,SOP,P1,PACKAGE-01,A03;A06;A11,B18,INTERNAL_DERIVED from curated upstream rules,INTERNAL_DERIVED,,0,角色;审批节点;内部时限,内部流程；Stage 2 公共来源仅在适用时作为依据,POL009;KB006;KB008,POL009;KB006;KB008,版本和冲突处理依照适用性、效力、状态、日期、具体性与权威顺序。,INTERNAL_DERIVED,INTERNAL_MANDATORY,DIRECT,planned,
SOP021,SOP021_知识治理_知识废止与归档流程.md,知识废止与归档流程,知识治理,SOP,P1,PACKAGE-01,A03;A04;A05,B16;B18,INTERNAL_DERIVED from curated upstream rules,INTERNAL_DERIVED,,0,角色;审批节点;内部时限,内部流程；Stage 2 公共来源仅在适用时作为依据,POL009;KB006;REF009,POL009;KB006;REF009,废止知识必须停止现行使用并保留可追溯归档。,INTERNAL_DERIVED,INTERNAL_MANDATORY,DIRECT,planned,
SOP022,SOP022_公文规范_文档格式检查流程.md,文档格式检查流程,公文规范,SOP,P1,PACKAGE-01,A05;A06,B03;B13;B18,INTERNAL_DERIVED from curated upstream rules,INTERNAL_DERIVED,,0,角色;审批节点;内部时限,内部流程；Stage 2 公共来源仅在适用时作为依据,POL009;POL010;KB008,POL009;POL010;KB008,格式检查以文档、公文与版本规则为基线。,INTERNAL_DERIVED,INTERNAL_MANDATORY,DIRECT,planned,
SOP023,SOP023_公文规范_文档排版流程.md,文档排版流程,公文规范,SOP,P1,PACKAGE-01,A05;A06,B03;B13;B18,INTERNAL_DERIVED from curated upstream rules,INTERNAL_DERIVED,,0,角色;审批节点;内部时限,内部流程；Stage 2 公共来源仅在适用时作为依据,POL009;POL010;KB008,POL009;POL010;KB008,排版统一版式、层级、图表和可访问性要求。,INTERNAL_DERIVED,INTERNAL_MANDATORY,DIRECT,planned,
SOP024,SOP024_公文规范_格式修复与模板套用流程.md,格式修复与模板套用流程,公文规范,SOP,P1,PACKAGE-01,A05;A06,B03;B13;B18,INTERNAL_DERIVED from curated upstream rules,INTERNAL_DERIVED,,0,角色;审批节点;内部时限,内部流程；Stage 2 公共来源仅在适用时作为依据,POL009;POL010;KB008,POL009;POL010;KB008,修复和套版必须保持内容语义、版本与模板一致。,INTERNAL_DERIVED,INTERNAL_MANDATORY,DIRECT,planned,
SOP025,SOP025_培训绩效_绩效目标制定流程.md,绩效目标制定流程,培训绩效,SOP,P1,PACKAGE-01,A08;A12,B06;B08;B17,INTERNAL_DERIVED from curated upstream rules,INTERNAL_DERIVED,,0,角色;审批节点;内部时限,内部流程；Stage 2 公共来源仅在适用时作为依据,POL004;POL005;KB003,POL004;POL005;KB003,目标需从岗位职责、项目目标和绩效制度分解。,INTERNAL_DERIVED,INTERNAL_MANDATORY,DIRECT,planned,
SOP026,SOP026_培训绩效_中期绩效回顾流程.md,中期绩效回顾流程,培训绩效,SOP,P1,PACKAGE-01,A02;A08,B08;B12;B17,INTERNAL_DERIVED from curated upstream rules,INTERNAL_DERIVED,,0,角色;审批节点;内部时限,内部流程；Stage 2 公共来源仅在适用时作为依据,POL004;KB003,POL004;SOP007;KB003,中期回顾以目标、进度证据和职责边界为依据。,INTERNAL_DERIVED,INTERNAL_MANDATORY,DIRECT,planned,
SOP027,SOP027_培训绩效_绩效评价与反馈流程.md,绩效评价与反馈流程,培训绩效,SOP,P1,PACKAGE-01,A07;A08;A12,B08;B17,INTERNAL_DERIVED from curated upstream rules,INTERNAL_DERIVED,,0,角色;审批节点;内部时限,内部流程；Stage 2 公共来源仅在适用时作为依据,POL004;POL001;REF015,POL004;POL001;REF015,评价反馈需符合绩效、人力规则并保留依据。,INTERNAL_DERIVED,INTERNAL_MANDATORY,DIRECT,planned,
SOP028,SOP028_培训绩效_绩效改进计划流程.md,绩效改进计划流程,培训绩效,SOP,P1,PACKAGE-01,A07;A08,B08;B17,INTERNAL_DERIVED from curated upstream rules,INTERNAL_DERIVED,,0,角色;审批节点;内部时限,内部流程；Stage 2 公共来源仅在适用时作为依据,POL004;POL003,POL004;POL003;SOP027,改进计划承接评价结果并联动培训发展。,INTERNAL_DERIVED,INTERNAL_MANDATORY,DIRECT,planned,
SOP029,SOP029_招投标_招标文件审查流程.md,招标文件审查流程,招投标,SOP,P1,PACKAGE-01,A01;A09;A10;A11,B10,INTERNAL_DERIVED from curated upstream rules,INTERNAL_DERIVED,,0,角色;审批节点;内部时限,内部流程；Stage 2 公共来源仅在适用时作为依据,POL013;POL014;REF005;REF006;REF007;KB009,POL013;POL014;REF005;REF006;REF007;KB009,招标文件需审查合规、合同、评分与否决风险。,INTERNAL_DERIVED,INTERNAL_MANDATORY,DIRECT,planned,
SOP030,SOP030_招投标_投标文件审查流程.md,投标文件审查流程,招投标,SOP,P1,PACKAGE-01,A01;A10;A11,B10;B11,INTERNAL_DERIVED from curated upstream rules,INTERNAL_DERIVED,,0,角色;审批节点;内部时限,内部流程；Stage 2 公共来源仅在适用时作为依据,POL013;POL014;REF006;REF007;KB009,POL013;POL014;SOP029;REF006;REF007;KB009,投标文件需逐项核对资格、商务、技术、评分和证据定位。,INTERNAL_DERIVED,INTERNAL_MANDATORY,DIRECT,planned,
FAQ001,FAQ001_人力资源_请假与出勤常见问题.md,请假与出勤常见问题,人力资源,FAQ_RULE,P1,PACKAGE-01,A03;A07;A08,B06;B08,INTERNAL_DERIVED from policy/SOP/reference,INTERNAL_DERIVED,,0,,内部派生规则；引用公共依据时需核验适用性,POL001;REF001,POL001;REF001,请假与出勤答复必须回溯人力制度和适用劳动规则。,INTERNAL_DERIVED,GUIDANCE,DIRECT,planned,
FAQ002,FAQ002_招聘_招聘面试评价常见问题.md,招聘面试评价常见问题,招聘,FAQ_RULE,P1,PACKAGE-01,A07;A08,B07,INTERNAL_DERIVED from policy/SOP/reference,INTERNAL_DERIVED,,0,,内部派生规则；引用公共依据时需核验适用性,POL002;REF002;REF015,POL002;SOP014;REF002;REF015,面试评价来自招聘流程、隐私规则和招聘实践。,INTERNAL_DERIVED,GUIDANCE,DIRECT,planned,
FAQ003,FAQ003_培训绩效_绩效目标设定常见问题.md,绩效目标设定常见问题,培训绩效,FAQ_RULE,P1,PACKAGE-01,A07;A08;A12,B06;B08;B17,INTERNAL_DERIVED from policy/SOP/reference,INTERNAL_DERIVED,,0,,内部派生规则；引用公共依据时需核验适用性,POL004,POL004;SOP025,绩效问答以绩效制度和目标制定流程为准。,INTERNAL_DERIVED,GUIDANCE,DIRECT,planned,
FAQ004,FAQ004_项目管理_项目延期处理规则.md,项目延期处理规则,项目管理,FAQ_RULE,P1,PACKAGE-01,A02;A10;A11;A12,B12;B14;B15,INTERNAL_DERIVED from policy/SOP/reference,INTERNAL_DERIVED,,0,,内部派生规则；引用公共依据时需核验适用性,POL005;POL007,POL005;POL007;SOP007;SOP008,延期处置需联动进度、风险和变更控制。,INTERNAL_DERIVED,GUIDANCE,DIRECT,planned,
FAQ005,FAQ005_会议协同_会议决策与待办常见问题.md,会议决策与待办常见问题,会议协同,FAQ_RULE,P1,PACKAGE-01,A02;A04;A05,B13,INTERNAL_DERIVED from policy/SOP/reference,INTERNAL_DERIVED,,0,,内部派生规则；引用公共依据时需核验适用性,POL008,POL008;SOP012,会议决策与待办必须以会议制度和纪要流程留痕。,INTERNAL_DERIVED,GUIDANCE,DIRECT,planned,
FAQ006,FAQ006_公文规范_公文格式快速检查规则.md,公文格式快速检查规则,公文规范,FAQ_RULE,P1,PACKAGE-01,A05;A06,B13;B18,INTERNAL_DERIVED from policy/SOP/reference,INTERNAL_DERIVED,,0,,内部派生规则；引用公共依据时需核验适用性,POL009;POL010;KB008,POL009;POL010;SOP022;KB008,快速检查项来自文档、公文及格式检查基线。,INTERNAL_DERIVED,GUIDANCE,DIRECT,planned,
FAQ007,FAQ007_采购_采购阈值适用问答.md,采购阈值适用问答,采购,FAQ_RULE,P1,PACKAGE-01,A09;A10;A11;A12,B09;B10,INTERNAL_DERIVED from policy/SOP/reference,INTERNAL_DERIVED,,0,,内部派生规则；引用公共依据时需核验适用性,POL011;POL015;KB005,POL011;POL015;KB005,采购阈值是企业参数，需同时满足预算与审批权限。,INTERNAL_DERIVED,GUIDANCE,DIRECT,planned,
FAQ008,FAQ008_供应商_供应商准入问答.md,供应商准入问答,供应商,FAQ_RULE,P1,PACKAGE-01,A09;A10;A11,B09,INTERNAL_DERIVED from policy/SOP/reference,INTERNAL_DERIVED,,0,,内部派生规则；引用公共依据时需核验适用性,POL012;REF014,POL012;SOP017;REF014,供应商答复源于准入制度、执行流程和内控参考。,INTERNAL_DERIVED,GUIDANCE,DIRECT,planned,
FAQ009,FAQ009_招投标_招投标完整性资格商务技术评分与风险检查规则.md,招投标完整性资格商务技术评分与风险检查规则,招投标,FAQ_RULE,P1,PACKAGE-01,A01;A10;A11,B10,INTERNAL_DERIVED from policy/SOP/reference,INTERNAL_DERIVED,,0,,内部派生规则；引用公共依据时需核验适用性,POL013;REF006;REF007;KB009,POL013;SOP029;SOP030;REF006;REF007;KB009,规则覆盖完整性、资格、商务、技术、评分、否决风险和证据定位。,INTERNAL_DERIVED,GUIDANCE,DIRECT,planned,
FAQ010,FAQ010_合同履约_合同付款条件检查规则.md,合同付款条件检查规则,合同履约,FAQ_RULE,P1,PACKAGE-01,A10;A11;A12,B11;B12;B17,INTERNAL_DERIVED from policy/SOP/reference,INTERNAL_DERIVED,,0,,内部派生规则；引用公共依据时需核验适用性,POL014;POL015,POL014;POL015;SOP018,付款条件需同时满足合同、预算和履约证据要求。,INTERNAL_DERIVED,GUIDANCE,DIRECT,planned,
FAQ011,FAQ011_经营分析_项目成本偏差问答.md,项目成本偏差问答,经营分析,FAQ_RULE,P1,PACKAGE-01,A02;A11;A12,B12;B17,INTERNAL_DERIVED from policy/SOP/reference,INTERNAL_DERIVED,,0,,内部派生规则；引用公共依据时需核验适用性,POL016;POL015,POL016;POL015;DATA008,成本偏差口径来自成本、预算制度和成本台账。,INTERNAL_DERIVED,GUIDANCE,DIRECT,planned,
FAQ012,FAQ012_信息安全数据治理_敏感数据使用问答.md,敏感数据使用问答,信息安全数据治理,FAQ_RULE,P1,PACKAGE-01,A03;A10;A11;A12,B09;B10;B11;B12,INTERNAL_DERIVED from policy/SOP/reference,INTERNAL_DERIVED,,0,,内部派生规则；引用公共依据时需核验适用性,POL017;POL018;REF002;REF003;REF004,POL017;POL018;REF002;REF003;REF004,敏感数据使用取决于信息安全、保密和适用公共规则。,INTERNAL_DERIVED,GUIDANCE,DIRECT,planned,
ROLE001,ROLE001_项目管理_项目经理.md,项目经理,项目管理,ROLE,P1,PACKAGE-01,A02,B04;B05;B12;B16,SYNTHETIC enterprise design,SYNTHETIC_DERIVED,,0,岗位职责;权限边界,Internal synthetic rule,KB002;KB003,KB002;KB003,岗位职责由组织架构和部门职责共同定义。,SYNTHETIC,INTERNAL_MANDATORY,DIRECT,planned,
ROLE002,ROLE002_项目管理_解决方案顾问.md,解决方案顾问,项目管理,ROLE,P1,PACKAGE-01,A01,B01;B02;B03,SYNTHETIC enterprise design,SYNTHETIC_DERIVED,,0,岗位职责;权限边界,Internal synthetic rule,KB002;KB003,KB002;KB003,岗位职责由组织架构和部门职责共同定义。,SYNTHETIC,INTERNAL_MANDATORY,DIRECT,planned,
ROLE003,ROLE003_企业基础_产品经理.md,产品经理,企业基础,ROLE,P1,PACKAGE-01,A01;A02,B02;B03;B12,SYNTHETIC enterprise design,SYNTHETIC_DERIVED,,0,岗位职责;权限边界,Internal synthetic rule,KB002;KB003,KB002;KB003,岗位职责由组织架构和部门职责共同定义。,SYNTHETIC,INTERNAL_MANDATORY,DIRECT,planned,
ROLE004,ROLE004_信息安全数据治理_技术与算法工程师.md,技术与算法工程师,信息安全数据治理,ROLE,P1,PACKAGE-01,A01;A02;A11,B03;B12;B14,SYNTHETIC enterprise design,SYNTHETIC_DERIVED,,0,岗位职责;权限边界,Internal synthetic rule,KB002;KB003,KB002;KB003,岗位职责由组织架构和部门职责共同定义。,SYNTHETIC,INTERNAL_MANDATORY,DIRECT,planned,
ROLE005,ROLE005_采购_采购专员.md,采购专员,采购,ROLE,P1,PACKAGE-01,A09,B09;B10,SYNTHETIC enterprise design,SYNTHETIC_DERIVED,,0,岗位职责;权限边界,Internal synthetic rule,KB002;KB003,KB002;KB003,岗位职责由组织架构和部门职责共同定义。,SYNTHETIC,INTERNAL_MANDATORY,DIRECT,planned,
ROLE006,ROLE006_招聘_HRBP与招聘专员.md,HRBP与招聘专员,招聘,ROLE,P1,PACKAGE-01,A07;A08,B06;B07;B08,SYNTHETIC enterprise design,SYNTHETIC_DERIVED,,0,岗位职责;权限边界,Internal synthetic rule,KB002;KB003,KB002;KB003,岗位职责由组织架构和部门职责共同定义。,SYNTHETIC,INTERNAL_MANDATORY,DIRECT,planned,
ROLE007,ROLE007_财务_财务经理.md,财务经理,财务,ROLE,P1,PACKAGE-01,A02;A12,B04;B09;B11;B17,SYNTHETIC enterprise design,SYNTHETIC_DERIVED,,0,岗位职责;权限边界,Internal synthetic rule,KB002;KB003,KB002;KB003,岗位职责由组织架构和部门职责共同定义。,SYNTHETIC,INTERNAL_MANDATORY,DIRECT,planned,
ROLE008,ROLE008_合同履约_法务风控经理.md,法务风控经理,合同履约,ROLE,P1,PACKAGE-01,A10;A11,B10;B11;B14,SYNTHETIC enterprise design,SYNTHETIC_DERIVED,,0,岗位职责;权限边界,Internal synthetic rule,KB002;KB003,KB002;KB003,岗位职责由组织架构和部门职责共同定义。,SYNTHETIC,INTERNAL_MANDATORY,DIRECT,planned,
ROLE009,ROLE009_会议协同_综合行政专员.md,综合行政专员,会议协同,ROLE,P1,PACKAGE-01,A03;A04;A05;A06,B13;B16;B18,SYNTHETIC enterprise design,SYNTHETIC_DERIVED,,0,岗位职责;权限边界,Internal synthetic rule,KB002;KB003,KB002;KB003,岗位职责由组织架构和部门职责共同定义。,SYNTHETIC,INTERNAL_MANDATORY,DIRECT,planned,
ROLE010,ROLE010_项目管理_项目成员.md,项目成员,项目管理,ROLE,P1,PACKAGE-01,A02;A04;A12,B05;B12;B15,SYNTHETIC enterprise design,SYNTHETIC_DERIVED,,0,岗位职责;权限边界,Internal synthetic rule,KB002;KB003,KB002;KB003,岗位职责由组织架构和部门职责共同定义。,SYNTHETIC,INTERNAL_MANDATORY,DIRECT,planned,
P001_01,P001_01_客户需求说明.md,智慧园区 AI 数字人服务平台-客户需求说明,项目管理,PROJECT_CASE,P1,PACKAGE-02,A01;A02;A03;A04;A05;A06;A07;A08;A09;A10;A11;A12,B01;B02,SYNTHETIC project facts from project canonical model,SYNTHETIC,,0,客户;金额;人员;日期;项目事件,enterprise_model/projects/P001_CANONICAL_FACTS.yaml,SOP001;TPL002,SOP001;TPL002,案例文件引用本项目 Canonical Facts，并以对应业务规则或模板为结构依据。,SYNTHETIC,NONE,DIRECT,planned,P001 优秀项目；Stage 4 生成正文
P001_02,P001_02_需求调研记录.md,智慧园区 AI 数字人服务平台-需求调研记录,项目管理,PROJECT_CASE,P1,PACKAGE-02,A01;A02;A03;A04;A10;A11;A12,B02,SYNTHETIC project facts from project canonical model,SYNTHETIC,,0,客户;金额;人员;日期;项目事件,enterprise_model/projects/P001_CANONICAL_FACTS.yaml,SOP001;TPL002,SOP001;TPL002,案例文件引用本项目 Canonical Facts，并以对应业务规则或模板为结构依据。,SYNTHETIC,NONE,DIRECT,planned,P001 优秀项目；Stage 4 生成正文
P001_03,P001_03_需求分析报告.md,智慧园区 AI 数字人服务平台-需求分析报告,项目管理,PROJECT_CASE,P1,PACKAGE-02,A01;A02;A10;A11;A12,B02;B03,SYNTHETIC project facts from project canonical model,SYNTHETIC,,0,客户;金额;人员;日期;项目事件,enterprise_model/projects/P001_CANONICAL_FACTS.yaml,SOP001;POL005,SOP001;POL005,案例文件引用本项目 Canonical Facts，并以对应业务规则或模板为结构依据。,SYNTHETIC,NONE,DIRECT,planned,P001 优秀项目；Stage 4 生成正文
P001_04,P001_04_解决方案.md,智慧园区 AI 数字人服务平台-解决方案,项目管理,PROJECT_CASE,P1,PACKAGE-02,A01;A02;A05;A10;A11,B03,SYNTHETIC project facts from project canonical model,SYNTHETIC,,0,客户;金额;人员;日期;项目事件,enterprise_model/projects/P001_CANONICAL_FACTS.yaml,SOP002;TPL003,SOP002;TPL003,案例文件引用本项目 Canonical Facts，并以对应业务规则或模板为结构依据。,SYNTHETIC,NONE,DIRECT,planned,P001 优秀项目；Stage 4 生成正文
P001_05,P001_05_报价说明.md,智慧园区 AI 数字人服务平台-报价说明,财务,PROJECT_CASE,P1,PACKAGE-02,A01;A02;A09;A12,B03,SYNTHETIC project facts from project canonical model,SYNTHETIC,,0,客户;金额;人员;日期;项目事件,enterprise_model/projects/P001_CANONICAL_FACTS.yaml,POL015;POL016,POL015;POL016,案例文件引用本项目 Canonical Facts，并以对应业务规则或模板为结构依据。,SYNTHETIC,NONE,DIRECT,planned,P001 优秀项目；Stage 4 生成正文
P001_06,P001_06_项目立项申请.md,智慧园区 AI 数字人服务平台-项目立项申请,项目管理,PROJECT_CASE,P1,PACKAGE-02,A02;A03;A12,B04,SYNTHETIC project facts from project canonical model,SYNTHETIC,,0,客户;金额;人员;日期;项目事件,enterprise_model/projects/P001_CANONICAL_FACTS.yaml,SOP003;TPL001,SOP003;TPL001,案例文件引用本项目 Canonical Facts，并以对应业务规则或模板为结构依据。,SYNTHETIC,NONE,DIRECT,planned,P001 优秀项目；Stage 4 生成正文
P001_07,P001_07_WBS与里程碑计划.md,智慧园区 AI 数字人服务平台-WBS与里程碑计划,项目管理,PROJECT_CASE,P1,PACKAGE-02,A02;A12,B05,SYNTHETIC project facts from project canonical model,SYNTHETIC,,0,客户;金额;人员;日期;项目事件,enterprise_model/projects/P001_CANONICAL_FACTS.yaml,SOP004;TPL004,SOP004;TPL004,案例文件引用本项目 Canonical Facts，并以对应业务规则或模板为结构依据。,SYNTHETIC,NONE,DIRECT,planned,P001 优秀项目；Stage 4 生成正文
P001_08,P001_08_项目启动会材料.md,智慧园区 AI 数字人服务平台-项目启动会材料,会议协同,PROJECT_CASE,P1,PACKAGE-02,A02;A04;A05,B05;B13,SYNTHETIC project facts from project canonical model,SYNTHETIC,,0,客户;金额;人员;日期;项目事件,enterprise_model/projects/P001_CANONICAL_FACTS.yaml,SOP006;SOP012,SOP006;SOP012,案例文件引用本项目 Canonical Facts，并以对应业务规则或模板为结构依据。,SYNTHETIC,NONE,DIRECT,planned,P001 优秀项目；Stage 4 生成正文
P001_09,P001_09_人员配置计划.md,智慧园区 AI 数字人服务平台-人员配置计划,项目管理,PROJECT_CASE,P1,PACKAGE-02,A02;A07;A08,B06,SYNTHETIC project facts from project canonical model,SYNTHETIC,,0,客户;金额;人员;日期;项目事件,enterprise_model/projects/P001_CANONICAL_FACTS.yaml,SOP005;DATA011,SOP005;DATA011,案例文件引用本项目 Canonical Facts，并以对应业务规则或模板为结构依据。,SYNTHETIC,NONE,DIRECT,planned,P001 优秀项目；Stage 4 生成正文
P001_10,P001_10_招聘需求.md,智慧园区 AI 数字人服务平台-招聘需求,招聘,PROJECT_CASE,P1,PACKAGE-02,A07;A08,B07,SYNTHETIC project facts from project canonical model,SYNTHETIC,,0,客户;金额;人员;日期;项目事件,enterprise_model/projects/P001_CANONICAL_FACTS.yaml,SOP014;TPL015,SOP014;TPL015,案例文件引用本项目 Canonical Facts，并以对应业务规则或模板为结构依据。,SYNTHETIC,NONE,DIRECT,planned,P001 优秀项目；Stage 4 生成正文
P001_11,P001_11_采购申请.md,智慧园区 AI 数字人服务平台-采购申请,采购,PROJECT_CASE,P1,PACKAGE-02,A09;A10;A11,B09,SYNTHETIC project facts from project canonical model,SYNTHETIC,,0,客户;金额;人员;日期;项目事件,enterprise_model/projects/P001_CANONICAL_FACTS.yaml,SOP016;TPL018,SOP016;TPL018,案例文件引用本项目 Canonical Facts，并以对应业务规则或模板为结构依据。,SYNTHETIC,NONE,DIRECT,planned,P001 优秀项目；Stage 4 生成正文
P001_12,P001_12_采购需求规格.md,智慧园区 AI 数字人服务平台-采购需求规格,采购,PROJECT_CASE,P1,PACKAGE-02,A09;A10,B09,SYNTHETIC project facts from project canonical model,SYNTHETIC,,0,客户;金额;人员;日期;项目事件,enterprise_model/projects/P001_CANONICAL_FACTS.yaml,SOP016;REF013,SOP016;REF013,案例文件引用本项目 Canonical Facts，并以对应业务规则或模板为结构依据。,SYNTHETIC,NONE,DIRECT,planned,P001 优秀项目；Stage 4 生成正文
P001_13,P001_13_供应商比选记录.md,智慧园区 AI 数字人服务平台-供应商比选记录,供应商,PROJECT_CASE,P1,PACKAGE-02,A09;A10;A11;A12,B09;B10,SYNTHETIC project facts from project canonical model,SYNTHETIC,,0,客户;金额;人员;日期;项目事件,enterprise_model/projects/P001_CANONICAL_FACTS.yaml,SOP017;TPL019,SOP017;TPL019,案例文件引用本项目 Canonical Facts，并以对应业务规则或模板为结构依据。,SYNTHETIC,NONE,DIRECT,planned,P001 优秀项目；Stage 4 生成正文
P001_14,P001_14_招投标材料与审查计划.md,智慧园区 AI 数字人服务平台-招投标材料与审查计划,招投标,PROJECT_CASE,P1,PACKAGE-02,A01;A09;A10;A11,B10,SYNTHETIC project facts from project canonical model,SYNTHETIC,,0,客户;金额;人员;日期;项目事件,enterprise_model/projects/P001_CANONICAL_FACTS.yaml,POL013;SOP029;SOP030,POL013;SOP029;SOP030,案例文件引用本项目 Canonical Facts，并以对应业务规则或模板为结构依据。,SYNTHETIC,NONE,DIRECT,planned,P001 优秀项目；Stage 4 生成正文
P001_15,P001_15_合同审核意见.md,智慧园区 AI 数字人服务平台-合同审核意见,合同履约,PROJECT_CASE,P1,PACKAGE-02,A10;A11,B11,SYNTHETIC project facts from project canonical model,SYNTHETIC,,0,客户;金额;人员;日期;项目事件,enterprise_model/projects/P001_CANONICAL_FACTS.yaml,SOP018;TPL020,SOP018;TPL020,案例文件引用本项目 Canonical Facts，并以对应业务规则或模板为结构依据。,SYNTHETIC,NONE,DIRECT,planned,P001 优秀项目；Stage 4 生成正文
P001_16,P001_16_项目合同摘要.md,智慧园区 AI 数字人服务平台-项目合同摘要,合同履约,PROJECT_CASE,P1,PACKAGE-02,A10;A11;A12,B11,SYNTHETIC project facts from project canonical model,SYNTHETIC,,0,客户;金额;人员;日期;项目事件,enterprise_model/projects/P001_CANONICAL_FACTS.yaml,POL014;SOP018,POL014;SOP018,案例文件引用本项目 Canonical Facts，并以对应业务规则或模板为结构依据。,SYNTHETIC,NONE,DIRECT,planned,P001 优秀项目；Stage 4 生成正文
P001_17,P001_17_项目周报汇总.md,智慧园区 AI 数字人服务平台-项目周报汇总,项目管理,PROJECT_CASE,P1,PACKAGE-02,A02;A04;A12,B12;B13,SYNTHETIC project facts from project canonical model,SYNTHETIC,,0,客户;金额;人员;日期;项目事件,enterprise_model/projects/P001_CANONICAL_FACTS.yaml,SOP007;TPL005,SOP007;TPL005,案例文件引用本项目 Canonical Facts，并以对应业务规则或模板为结构依据。,SYNTHETIC,NONE,DIRECT,planned,P001 优秀项目；Stage 4 生成正文
P001_18,P001_18_风险台账.md,智慧园区 AI 数字人服务平台-风险台账,项目管理,PROJECT_CASE,P1,PACKAGE-02,A02;A10;A11;A12,B14,SYNTHETIC project facts from project canonical model,SYNTHETIC,,0,客户;金额;人员;日期;项目事件,enterprise_model/projects/P001_CANONICAL_FACTS.yaml,SOP008;TPL006,SOP008;TPL006,案例文件引用本项目 Canonical Facts，并以对应业务规则或模板为结构依据。,SYNTHETIC,NONE,DIRECT,planned,P001 优秀项目；Stage 4 生成正文
P001_19,P001_19_变更记录.md,智慧园区 AI 数字人服务平台-变更记录,项目管理,PROJECT_CASE,P1,PACKAGE-02,A01;A02;A10;A11,B12;B14,SYNTHETIC project facts from project canonical model,SYNTHETIC,,0,客户;金额;人员;日期;项目事件,enterprise_model/projects/P001_CANONICAL_FACTS.yaml,SOP009;TPL007,SOP009;TPL007,案例文件引用本项目 Canonical Facts，并以对应业务规则或模板为结构依据。,SYNTHETIC,NONE,DIRECT,planned,P001 优秀项目；Stage 4 生成正文
P001_20,P001_20_验收方案.md,智慧园区 AI 数字人服务平台-验收方案,项目管理,PROJECT_CASE,P1,PACKAGE-02,A01;A02;A10;A11,B15,SYNTHETIC project facts from project canonical model,SYNTHETIC,,0,客户;金额;人员;日期;项目事件,enterprise_model/projects/P001_CANONICAL_FACTS.yaml,SOP010;TPL008,SOP010;TPL008,案例文件引用本项目 Canonical Facts，并以对应业务规则或模板为结构依据。,SYNTHETIC,NONE,DIRECT,planned,P001 优秀项目；Stage 4 生成正文
P001_21,P001_21_验收报告.md,智慧园区 AI 数字人服务平台-验收报告,项目管理,PROJECT_CASE,P1,PACKAGE-02,A01;A02;A10;A11;A12,B15,SYNTHETIC project facts from project canonical model,SYNTHETIC,,0,客户;金额;人员;日期;项目事件,enterprise_model/projects/P001_CANONICAL_FACTS.yaml,SOP010;POL014,SOP010;POL014,案例文件引用本项目 Canonical Facts，并以对应业务规则或模板为结构依据。,SYNTHETIC,NONE,DIRECT,planned,P001 优秀项目；Stage 4 生成正文
P001_22,P001_22_结项报告.md,智慧园区 AI 数字人服务平台-结项报告,项目管理,PROJECT_CASE,P1,PACKAGE-02,A02;A03;A12,B16,SYNTHETIC project facts from project canonical model,SYNTHETIC,,0,客户;金额;人员;日期;项目事件,enterprise_model/projects/P001_CANONICAL_FACTS.yaml,SOP011;POL005,SOP011;POL005,案例文件引用本项目 Canonical Facts，并以对应业务规则或模板为结构依据。,SYNTHETIC,NONE,DIRECT,planned,P001 优秀项目；Stage 4 生成正文
P001_23,P001_23_项目经营复盘.md,智慧园区 AI 数字人服务平台-项目经营复盘,经营分析,PROJECT_CASE,P1,PACKAGE-02,A02;A11;A12,B17,SYNTHETIC project facts from project canonical model,SYNTHETIC,,0,客户;金额;人员;日期;项目事件,enterprise_model/projects/P001_CANONICAL_FACTS.yaml,POL016;DATA008;DATA010,POL016;DATA008;DATA010,案例文件引用本项目 Canonical Facts，并以对应业务规则或模板为结构依据。,SYNTHETIC,NONE,DIRECT,planned,P001 优秀项目；Stage 4 生成正文
P001_24,P001_24_知识沉淀清单.md,智慧园区 AI 数字人服务平台-知识沉淀清单,知识治理,PROJECT_CASE,P1,PACKAGE-02,A01;A02;A03;A04;A05;A06;A07;A08;A09;A10;A11;A12,B18,SYNTHETIC project facts from project canonical model,SYNTHETIC,,0,客户;金额;人员;日期;项目事件,enterprise_model/projects/P001_CANONICAL_FACTS.yaml,SOP019;SOP020;SOP021,SOP019;SOP020;SOP021,案例文件引用本项目 Canonical Facts，并以对应业务规则或模板为结构依据。,SYNTHETIC,NONE,DIRECT,planned,P001 优秀项目；Stage 4 生成正文
P001_25,P001_25_招标文件关键条款.md,智慧园区 AI 数字人服务平台-招标文件关键条款,招投标,PROJECT_CASE,P1,PACKAGE-02,A01;A09;A10;A11,B10,SYNTHETIC project facts from project canonical model; clause structure analogically derived from SRC-CASE-016 public case,SYNTHETIC_DERIVED,,0,项目事件;金额;日期;人员,enterprise_model/projects/P001_CANONICAL_FACTS.yaml,POL013;POL014;REF006,POL013;POL014;REF006,差异化案例由项目唯一事实源和相关领域规则共同约束。,SYNTHETIC,NONE,DIRECT,planned,P001 差异化案例；Stage 4 生成正文
P001_26,P001_26_招标文件审查记录.md,智慧园区 AI 数字人服务平台-招标文件审查记录,招投标,PROJECT_CASE,P1,PACKAGE-02,A01;A09;A10;A11,B10,SYNTHETIC project facts from project canonical model; review structure analogically derived from SRC-CASE-016 public case,SYNTHETIC_DERIVED,,0,项目事件;金额;日期;人员,enterprise_model/projects/P001_CANONICAL_FACTS.yaml,SOP029;TPL026,SOP029;TPL026,差异化案例由项目唯一事实源和相关领域规则共同约束。,SYNTHETIC,NONE,DIRECT,planned,P001 差异化案例；Stage 4 生成正文
P001_27,P001_27_投标文件响应材料.md,智慧园区 AI 数字人服务平台-投标文件响应材料,招投标,PROJECT_CASE,P1,PACKAGE-02,A01;A09;A10;A11,B10,SYNTHETIC project facts from project canonical model,SYNTHETIC,,0,项目事件;金额;日期;人员,enterprise_model/projects/P001_CANONICAL_FACTS.yaml,SOP030;POL013,SOP030;POL013,差异化案例由项目唯一事实源和相关领域规则共同约束。,SYNTHETIC,NONE,DIRECT,planned,P001 差异化案例；Stage 4 生成正文
P001_28,P001_28_资格材料.md,智慧园区 AI 数字人服务平台-资格材料,招投标,PROJECT_CASE,P1,PACKAGE-02,A01;A09;A10;A11,B10,SYNTHETIC project facts from project canonical model,SYNTHETIC,,0,项目事件;金额;日期;人员,enterprise_model/projects/P001_CANONICAL_FACTS.yaml,FAQ009;SOP030,FAQ009;SOP030,差异化案例由项目唯一事实源和相关领域规则共同约束。,SYNTHETIC,NONE,DIRECT,planned,P001 差异化案例；Stage 4 生成正文
P001_29,P001_29_商务响应表.md,智慧园区 AI 数字人服务平台-商务响应表,招投标,PROJECT_CASE,P1,PACKAGE-02,A01;A09;A10;A11,B10,SYNTHETIC project facts from project canonical model,SYNTHETIC,,0,项目事件;金额;日期;人员,enterprise_model/projects/P001_CANONICAL_FACTS.yaml,FAQ009;SOP030,FAQ009;SOP030,差异化案例由项目唯一事实源和相关领域规则共同约束。,SYNTHETIC,NONE,DIRECT,planned,P001 差异化案例；Stage 4 生成正文
P001_30,P001_30_技术参数响应表.md,智慧园区 AI 数字人服务平台-技术参数响应表,招投标,PROJECT_CASE,P1,PACKAGE-02,A01;A09;A10;A11,B10,SYNTHETIC project facts from project canonical model,SYNTHETIC,,0,项目事件;金额;日期;人员,enterprise_model/projects/P001_CANONICAL_FACTS.yaml,FAQ009;SOP030,FAQ009;SOP030,差异化案例由项目唯一事实源和相关领域规则共同约束。,SYNTHETIC,NONE,DIRECT,planned,P001 差异化案例；Stage 4 生成正文
P001_31,P001_31_评分响应材料.md,智慧园区 AI 数字人服务平台-评分响应材料,招投标,PROJECT_CASE,P1,PACKAGE-02,A01;A09;A10;A11,B10,SYNTHETIC project facts from project canonical model,SYNTHETIC,,0,项目事件;金额;日期;人员,enterprise_model/projects/P001_CANONICAL_FACTS.yaml,FAQ009;SOP030,FAQ009;SOP030,差异化案例由项目唯一事实源和相关领域规则共同约束。,SYNTHETIC,NONE,DIRECT,planned,P001 差异化案例；Stage 4 生成正文
P001_32,P001_32_AI审核问题清单.md,智慧园区 AI 数字人服务平台-AI审核问题清单,招投标,PROJECT_CASE,P1,PACKAGE-02,A01;A09;A10;A11,B10,SYNTHETIC project facts from project canonical model,SYNTHETIC,,0,项目事件;金额;日期;人员,enterprise_model/projects/P001_CANONICAL_FACTS.yaml,FAQ009;TPL028,FAQ009;TPL028,差异化案例由项目唯一事实源和相关领域规则共同约束。,SYNTHETIC,NONE,DIRECT,planned,P001 差异化案例；Stage 4 生成正文
P001_33,P001_33_人工复核与审核结论.md,智慧园区 AI 数字人服务平台-人工复核与审核结论,招投标,PROJECT_CASE,P1,PACKAGE-02,A01;A09;A10;A11,B10,SYNTHETIC project facts from project canonical model,SYNTHETIC,,0,项目事件;金额;日期;人员,enterprise_model/projects/P001_CANONICAL_FACTS.yaml,SOP030;TPL027;TPL028,SOP030;TPL027;TPL028,差异化案例由项目唯一事实源和相关领域规则共同约束。,SYNTHETIC,NONE,DIRECT,planned,P001 差异化案例；Stage 4 生成正文
P002_01,P002_01_客户需求说明.md,银行企业知识助手项目-客户需求说明,项目管理,PROJECT_CASE,P1,PACKAGE-02,A01;A02;A03;A04;A05;A06;A07;A08;A09;A10;A11;A12,B01;B02,SYNTHETIC project facts from project canonical model,SYNTHETIC,,0,客户;金额;人员;日期;项目事件,enterprise_model/projects/P002_CANONICAL_FACTS.yaml,SOP001;TPL002,SOP001;TPL002,案例文件引用本项目 Canonical Facts，并以对应业务规则或模板为结构依据。,SYNTHETIC,NONE,DIRECT,planned,P002 问题项目；Stage 4 生成正文
P002_02,P002_02_需求调研记录.md,银行企业知识助手项目-需求调研记录,项目管理,PROJECT_CASE,P1,PACKAGE-02,A01;A02;A03;A04;A10;A11;A12,B02,SYNTHETIC project facts from project canonical model,SYNTHETIC,,0,客户;金额;人员;日期;项目事件,enterprise_model/projects/P002_CANONICAL_FACTS.yaml,SOP001;TPL002,SOP001;TPL002,案例文件引用本项目 Canonical Facts，并以对应业务规则或模板为结构依据。,SYNTHETIC,NONE,DIRECT,planned,P002 问题项目；Stage 4 生成正文
P002_03,P002_03_需求分析报告.md,银行企业知识助手项目-需求分析报告,项目管理,PROJECT_CASE,P1,PACKAGE-02,A01;A02;A10;A11;A12,B02;B03,SYNTHETIC project facts from project canonical model,SYNTHETIC,,0,客户;金额;人员;日期;项目事件,enterprise_model/projects/P002_CANONICAL_FACTS.yaml,SOP001;POL005,SOP001;POL005,案例文件引用本项目 Canonical Facts，并以对应业务规则或模板为结构依据。,SYNTHETIC,NONE,DIRECT,planned,P002 问题项目；Stage 4 生成正文
P002_04,P002_04_解决方案.md,银行企业知识助手项目-解决方案,项目管理,PROJECT_CASE,P1,PACKAGE-02,A01;A02;A05;A10;A11,B03,SYNTHETIC project facts from project canonical model; solution structure analogically derived from SRC-CASE-017 public case,SYNTHETIC_DERIVED,,0,客户;金额;人员;日期;项目事件,enterprise_model/projects/P002_CANONICAL_FACTS.yaml,SOP002;TPL003,SOP002;TPL003,案例文件引用本项目 Canonical Facts，并以对应业务规则或模板为结构依据。,SYNTHETIC,NONE,DIRECT,planned,P002 问题项目；Stage 4 生成正文
P002_05,P002_05_报价说明.md,银行企业知识助手项目-报价说明,财务,PROJECT_CASE,P1,PACKAGE-02,A01;A02;A09;A12,B03,SYNTHETIC project facts from project canonical model,SYNTHETIC,,0,客户;金额;人员;日期;项目事件,enterprise_model/projects/P002_CANONICAL_FACTS.yaml,POL015;POL016,POL015;POL016,案例文件引用本项目 Canonical Facts，并以对应业务规则或模板为结构依据。,SYNTHETIC,NONE,DIRECT,planned,P002 问题项目；Stage 4 生成正文
P002_06,P002_06_项目立项申请.md,银行企业知识助手项目-项目立项申请,项目管理,PROJECT_CASE,P1,PACKAGE-02,A02;A03;A12,B04,SYNTHETIC project facts from project canonical model,SYNTHETIC,,0,客户;金额;人员;日期;项目事件,enterprise_model/projects/P002_CANONICAL_FACTS.yaml,SOP003;TPL001,SOP003;TPL001,案例文件引用本项目 Canonical Facts，并以对应业务规则或模板为结构依据。,SYNTHETIC,NONE,DIRECT,planned,P002 问题项目；Stage 4 生成正文
P002_07,P002_07_WBS与里程碑计划.md,银行企业知识助手项目-WBS与里程碑计划,项目管理,PROJECT_CASE,P1,PACKAGE-02,A02;A12,B05,SYNTHETIC project facts from project canonical model,SYNTHETIC,,0,客户;金额;人员;日期;项目事件,enterprise_model/projects/P002_CANONICAL_FACTS.yaml,SOP004;TPL004,SOP004;TPL004,案例文件引用本项目 Canonical Facts，并以对应业务规则或模板为结构依据。,SYNTHETIC,NONE,DIRECT,planned,P002 问题项目；Stage 4 生成正文
P002_08,P002_08_项目启动会材料.md,银行企业知识助手项目-项目启动会材料,会议协同,PROJECT_CASE,P1,PACKAGE-02,A02;A04;A05,B05;B13,SYNTHETIC project facts from project canonical model,SYNTHETIC,,0,客户;金额;人员;日期;项目事件,enterprise_model/projects/P002_CANONICAL_FACTS.yaml,SOP006;SOP012,SOP006;SOP012,案例文件引用本项目 Canonical Facts，并以对应业务规则或模板为结构依据。,SYNTHETIC,NONE,DIRECT,planned,P002 问题项目；Stage 4 生成正文
P002_09,P002_09_人员配置计划.md,银行企业知识助手项目-人员配置计划,项目管理,PROJECT_CASE,P1,PACKAGE-02,A02;A07;A08,B06,SYNTHETIC project facts from project canonical model,SYNTHETIC,,0,客户;金额;人员;日期;项目事件,enterprise_model/projects/P002_CANONICAL_FACTS.yaml,SOP005;DATA011,SOP005;DATA011,案例文件引用本项目 Canonical Facts，并以对应业务规则或模板为结构依据。,SYNTHETIC,NONE,DIRECT,planned,P002 问题项目；Stage 4 生成正文
P002_10,P002_10_招聘需求.md,银行企业知识助手项目-招聘需求,招聘,PROJECT_CASE,P1,PACKAGE-02,A07;A08,B07,SYNTHETIC project facts from project canonical model,SYNTHETIC,,0,客户;金额;人员;日期;项目事件,enterprise_model/projects/P002_CANONICAL_FACTS.yaml,SOP014;TPL015,SOP014;TPL015,案例文件引用本项目 Canonical Facts，并以对应业务规则或模板为结构依据。,SYNTHETIC,NONE,DIRECT,planned,P002 问题项目；Stage 4 生成正文
P002_11,P002_11_采购申请.md,银行企业知识助手项目-采购申请,采购,PROJECT_CASE,P1,PACKAGE-02,A09;A10;A11,B09,SYNTHETIC project facts from project canonical model,SYNTHETIC,,0,客户;金额;人员;日期;项目事件,enterprise_model/projects/P002_CANONICAL_FACTS.yaml,SOP016;TPL018,SOP016;TPL018,案例文件引用本项目 Canonical Facts，并以对应业务规则或模板为结构依据。,SYNTHETIC,NONE,DIRECT,planned,P002 问题项目；Stage 4 生成正文
P002_12,P002_12_采购需求规格.md,银行企业知识助手项目-采购需求规格,采购,PROJECT_CASE,P1,PACKAGE-02,A09;A10,B09,SYNTHETIC project facts from project canonical model,SYNTHETIC,,0,客户;金额;人员;日期;项目事件,enterprise_model/projects/P002_CANONICAL_FACTS.yaml,SOP016;REF013,SOP016;REF013,案例文件引用本项目 Canonical Facts，并以对应业务规则或模板为结构依据。,SYNTHETIC,NONE,DIRECT,planned,P002 问题项目；Stage 4 生成正文
P002_13,P002_13_供应商比选记录.md,银行企业知识助手项目-供应商比选记录,供应商,PROJECT_CASE,P1,PACKAGE-02,A09;A10;A11;A12,B09;B10,SYNTHETIC project facts from project canonical model,SYNTHETIC,,0,客户;金额;人员;日期;项目事件,enterprise_model/projects/P002_CANONICAL_FACTS.yaml,SOP017;TPL019,SOP017;TPL019,案例文件引用本项目 Canonical Facts，并以对应业务规则或模板为结构依据。,SYNTHETIC,NONE,DIRECT,planned,P002 问题项目；Stage 4 生成正文
P002_14,P002_14_招投标材料与审查计划.md,银行企业知识助手项目-招投标材料与审查计划,招投标,PROJECT_CASE,P1,PACKAGE-02,A01;A09;A10;A11,B10,SYNTHETIC project facts from project canonical model,SYNTHETIC,,0,客户;金额;人员;日期;项目事件,enterprise_model/projects/P002_CANONICAL_FACTS.yaml,POL013;SOP029;SOP030,POL013;SOP029;SOP030,案例文件引用本项目 Canonical Facts，并以对应业务规则或模板为结构依据。,SYNTHETIC,NONE,DIRECT,planned,P002 问题项目；Stage 4 生成正文
P002_15,P002_15_合同审核意见.md,银行企业知识助手项目-合同审核意见,合同履约,PROJECT_CASE,P1,PACKAGE-02,A10;A11,B11,SYNTHETIC project facts from project canonical model,SYNTHETIC,,0,客户;金额;人员;日期;项目事件,enterprise_model/projects/P002_CANONICAL_FACTS.yaml,SOP018;TPL020,SOP018;TPL020,案例文件引用本项目 Canonical Facts，并以对应业务规则或模板为结构依据。,SYNTHETIC,NONE,DIRECT,planned,P002 问题项目；Stage 4 生成正文
P002_16,P002_16_项目合同摘要.md,银行企业知识助手项目-项目合同摘要,合同履约,PROJECT_CASE,P1,PACKAGE-02,A10;A11;A12,B11,SYNTHETIC project facts from project canonical model,SYNTHETIC,,0,客户;金额;人员;日期;项目事件,enterprise_model/projects/P002_CANONICAL_FACTS.yaml,POL014;SOP018,POL014;SOP018,案例文件引用本项目 Canonical Facts，并以对应业务规则或模板为结构依据。,SYNTHETIC,NONE,DIRECT,planned,P002 问题项目；Stage 4 生成正文
P002_17,P002_17_项目周报汇总.md,银行企业知识助手项目-项目周报汇总,项目管理,PROJECT_CASE,P1,PACKAGE-02,A02;A04;A12,B12;B13,SYNTHETIC project facts from project canonical model,SYNTHETIC,,0,客户;金额;人员;日期;项目事件,enterprise_model/projects/P002_CANONICAL_FACTS.yaml,SOP007;TPL005,SOP007;TPL005,案例文件引用本项目 Canonical Facts，并以对应业务规则或模板为结构依据。,SYNTHETIC,NONE,DIRECT,planned,P002 问题项目；Stage 4 生成正文
P002_18,P002_18_风险台账.md,银行企业知识助手项目-风险台账,项目管理,PROJECT_CASE,P1,PACKAGE-02,A02;A10;A11;A12,B14,SYNTHETIC project facts from project canonical model,SYNTHETIC,,0,客户;金额;人员;日期;项目事件,enterprise_model/projects/P002_CANONICAL_FACTS.yaml,SOP008;TPL006,SOP008;TPL006,案例文件引用本项目 Canonical Facts，并以对应业务规则或模板为结构依据。,SYNTHETIC,NONE,DIRECT,planned,P002 问题项目；Stage 4 生成正文
P002_19,P002_19_变更记录.md,银行企业知识助手项目-变更记录,项目管理,PROJECT_CASE,P1,PACKAGE-02,A01;A02;A10;A11,B12;B14,SYNTHETIC project facts from project canonical model,SYNTHETIC,,0,客户;金额;人员;日期;项目事件,enterprise_model/projects/P002_CANONICAL_FACTS.yaml,SOP009;TPL007,SOP009;TPL007,案例文件引用本项目 Canonical Facts，并以对应业务规则或模板为结构依据。,SYNTHETIC,NONE,DIRECT,planned,P002 问题项目；Stage 4 生成正文
P002_20,P002_20_验收方案.md,银行企业知识助手项目-验收方案,项目管理,PROJECT_CASE,P1,PACKAGE-02,A01;A02;A10;A11,B15,SYNTHETIC project facts from project canonical model,SYNTHETIC,,0,客户;金额;人员;日期;项目事件,enterprise_model/projects/P002_CANONICAL_FACTS.yaml,SOP010;TPL008,SOP010;TPL008,案例文件引用本项目 Canonical Facts，并以对应业务规则或模板为结构依据。,SYNTHETIC,NONE,DIRECT,planned,P002 问题项目；Stage 4 生成正文
P002_21,P002_21_验收报告.md,银行企业知识助手项目-验收报告,项目管理,PROJECT_CASE,P1,PACKAGE-02,A01;A02;A10;A11;A12,B15,SYNTHETIC project facts from project canonical model,SYNTHETIC,,0,客户;金额;人员;日期;项目事件,enterprise_model/projects/P002_CANONICAL_FACTS.yaml,SOP010;POL014,SOP010;POL014,案例文件引用本项目 Canonical Facts，并以对应业务规则或模板为结构依据。,SYNTHETIC,NONE,DIRECT,planned,P002 问题项目；Stage 4 生成正文
P002_22,P002_22_结项报告.md,银行企业知识助手项目-结项报告,项目管理,PROJECT_CASE,P1,PACKAGE-02,A02;A03;A12,B16,SYNTHETIC project facts from project canonical model,SYNTHETIC,,0,客户;金额;人员;日期;项目事件,enterprise_model/projects/P002_CANONICAL_FACTS.yaml,SOP011;POL005,SOP011;POL005,案例文件引用本项目 Canonical Facts，并以对应业务规则或模板为结构依据。,SYNTHETIC,NONE,DIRECT,planned,P002 问题项目；Stage 4 生成正文
P002_23,P002_23_项目经营复盘.md,银行企业知识助手项目-项目经营复盘,经营分析,PROJECT_CASE,P1,PACKAGE-02,A02;A11;A12,B17,SYNTHETIC project facts from project canonical model,SYNTHETIC,,0,客户;金额;人员;日期;项目事件,enterprise_model/projects/P002_CANONICAL_FACTS.yaml,POL016;DATA008;DATA010,POL016;DATA008;DATA010,案例文件引用本项目 Canonical Facts，并以对应业务规则或模板为结构依据。,SYNTHETIC,NONE,DIRECT,planned,P002 问题项目；Stage 4 生成正文
P002_24,P002_24_知识沉淀清单.md,银行企业知识助手项目-知识沉淀清单,知识治理,PROJECT_CASE,P1,PACKAGE-02,A01;A02;A03;A04;A05;A06;A07;A08;A09;A10;A11;A12,B18,SYNTHETIC project facts from project canonical model,SYNTHETIC,,0,客户;金额;人员;日期;项目事件,enterprise_model/projects/P002_CANONICAL_FACTS.yaml,SOP019;SOP020;SOP021,SOP019;SOP020;SOP021,案例文件引用本项目 Canonical Facts，并以对应业务规则或模板为结构依据。,SYNTHETIC,NONE,DIRECT,planned,P002 问题项目；Stage 4 生成正文
P002_25,P002_25_需求变更申请.md,银行企业知识助手项目-需求变更申请,项目管理,PROJECT_CASE,P1,PACKAGE-02,A01;A02;A03;A10;A11;A12,B12;B14,SYNTHETIC project facts from project canonical model,SYNTHETIC,,0,项目事件;金额;日期;人员,enterprise_model/projects/P002_CANONICAL_FACTS.yaml,SOP009;TPL007,SOP009;TPL007,差异化案例由项目唯一事实源和相关领域规则共同约束。,SYNTHETIC,NONE,DIRECT,planned,P002 差异化案例；Stage 4 生成正文
P002_26,P002_26_项目延期风险升级记录.md,银行企业知识助手项目-项目延期风险升级记录,项目管理,PROJECT_CASE,P1,PACKAGE-02,A01;A02;A03;A10;A11;A12,B12;B14,SYNTHETIC project facts from project canonical model,SYNTHETIC,,0,项目事件;金额;日期;人员,enterprise_model/projects/P002_CANONICAL_FACTS.yaml,FAQ004;SOP008,FAQ004;SOP008,差异化案例由项目唯一事实源和相关领域规则共同约束。,SYNTHETIC,NONE,DIRECT,planned,P002 差异化案例；Stage 4 生成正文
P002_27,P002_27_知识版本冲突处理记录.md,银行企业知识助手项目-知识版本冲突处理记录,知识治理,PROJECT_CASE,P1,PACKAGE-02,A01;A02;A03;A10;A11;A12,B18,SYNTHETIC project facts from project canonical model,SYNTHETIC,,0,项目事件;金额;日期;人员,enterprise_model/projects/P002_CANONICAL_FACTS.yaml,SOP020;KB006,SOP020;KB006,差异化案例由项目唯一事实源和相关领域规则共同约束。,SYNTHETIC,NONE,DIRECT,planned,P002 差异化案例；Stage 4 生成正文
P002_28,P002_28_人员不足资源申请.md,银行企业知识助手项目-人员不足资源申请,项目管理,PROJECT_CASE,P1,PACKAGE-02,A01;A02;A03;A10;A11;A12,B06;B12,SYNTHETIC project facts from project canonical model,SYNTHETIC,,0,项目事件;金额;日期;人员,enterprise_model/projects/P002_CANONICAL_FACTS.yaml,SOP005;KB003,SOP005;KB003,差异化案例由项目唯一事实源和相关领域规则共同约束。,SYNTHETIC,NONE,DIRECT,planned,P002 差异化案例；Stage 4 生成正文
P002_29,P002_29_成本超支预警.md,银行企业知识助手项目-成本超支预警,经营分析,PROJECT_CASE,P1,PACKAGE-02,A01;A02;A03;A10;A11;A12,B14;B17,SYNTHETIC project facts from project canonical model,SYNTHETIC,,0,项目事件;金额;日期;人员,enterprise_model/projects/P002_CANONICAL_FACTS.yaml,POL016;DATA008,POL016;DATA008,差异化案例由项目唯一事实源和相关领域规则共同约束。,SYNTHETIC,NONE,DIRECT,planned,P002 差异化案例；Stage 4 生成正文
P002_30,P002_30_合同付款争议记录.md,银行企业知识助手项目-合同付款争议记录,合同履约,PROJECT_CASE,P1,PACKAGE-02,A01;A02;A03;A10;A11;A12,B11;B14,SYNTHETIC project facts from project canonical model,SYNTHETIC,,0,项目事件;金额;日期;人员,enterprise_model/projects/P002_CANONICAL_FACTS.yaml,FAQ010;SOP018,FAQ010;SOP018,差异化案例由项目唯一事实源和相关领域规则共同约束。,SYNTHETIC,NONE,DIRECT,planned,P002 差异化案例；Stage 4 生成正文
P002_31,P002_31_项目纠偏会议纪要.md,银行企业知识助手项目-项目纠偏会议纪要,会议协同,PROJECT_CASE,P1,PACKAGE-02,A01;A02;A03;A10;A11;A12,B13;B14,SYNTHETIC project facts from project canonical model,SYNTHETIC,,0,项目事件;金额;日期;人员,enterprise_model/projects/P002_CANONICAL_FACTS.yaml,SOP012;TPL010,SOP012;TPL010,差异化案例由项目唯一事实源和相关领域规则共同约束。,SYNTHETIC,NONE,DIRECT,planned,P002 差异化案例；Stage 4 生成正文
P003_01,P003_01_客户需求说明.md,电力 AI 智能巡检平台-客户需求说明,项目管理,PROJECT_CASE,P1,PACKAGE-02,A01;A02;A03;A04;A05;A06;A07;A08;A09;A10;A11;A12,B01;B02,SYNTHETIC project facts from project canonical model,SYNTHETIC,,0,客户;金额;人员;日期;项目事件,enterprise_model/projects/P003_CANONICAL_FACTS.yaml,SOP001;TPL002,SOP001;TPL002,案例文件引用本项目 Canonical Facts，并以对应业务规则或模板为结构依据。,SYNTHETIC,NONE,DIRECT,planned,P003 复杂技术项目；Stage 4 生成正文
P003_02,P003_02_需求调研记录.md,电力 AI 智能巡检平台-需求调研记录,项目管理,PROJECT_CASE,P1,PACKAGE-02,A01;A02;A03;A04;A10;A11;A12,B02,SYNTHETIC project facts from project canonical model,SYNTHETIC,,0,客户;金额;人员;日期;项目事件,enterprise_model/projects/P003_CANONICAL_FACTS.yaml,SOP001;TPL002,SOP001;TPL002,案例文件引用本项目 Canonical Facts，并以对应业务规则或模板为结构依据。,SYNTHETIC,NONE,DIRECT,planned,P003 复杂技术项目；Stage 4 生成正文
P003_03,P003_03_需求分析报告.md,电力 AI 智能巡检平台-需求分析报告,项目管理,PROJECT_CASE,P1,PACKAGE-02,A01;A02;A10;A11;A12,B02;B03,SYNTHETIC project facts from project canonical model,SYNTHETIC,,0,客户;金额;人员;日期;项目事件,enterprise_model/projects/P003_CANONICAL_FACTS.yaml,SOP001;POL005,SOP001;POL005,案例文件引用本项目 Canonical Facts，并以对应业务规则或模板为结构依据。,SYNTHETIC,NONE,DIRECT,planned,P003 复杂技术项目；Stage 4 生成正文
P003_04,P003_04_解决方案.md,电力 AI 智能巡检平台-解决方案,项目管理,PROJECT_CASE,P1,PACKAGE-02,A01;A02;A05;A10;A11,B03,SYNTHETIC project facts from project canonical model; solution structure analogically derived from SRC-CASE-006 public case,SYNTHETIC_DERIVED,,0,客户;金额;人员;日期;项目事件,enterprise_model/projects/P003_CANONICAL_FACTS.yaml,SOP002;TPL003,SOP002;TPL003,案例文件引用本项目 Canonical Facts，并以对应业务规则或模板为结构依据。,SYNTHETIC,NONE,DIRECT,planned,P003 复杂技术项目；Stage 4 生成正文
P003_05,P003_05_报价说明.md,电力 AI 智能巡检平台-报价说明,财务,PROJECT_CASE,P1,PACKAGE-02,A01;A02;A09;A12,B03,SYNTHETIC project facts from project canonical model,SYNTHETIC,,0,客户;金额;人员;日期;项目事件,enterprise_model/projects/P003_CANONICAL_FACTS.yaml,POL015;POL016,POL015;POL016,案例文件引用本项目 Canonical Facts，并以对应业务规则或模板为结构依据。,SYNTHETIC,NONE,DIRECT,planned,P003 复杂技术项目；Stage 4 生成正文
P003_06,P003_06_项目立项申请.md,电力 AI 智能巡检平台-项目立项申请,项目管理,PROJECT_CASE,P1,PACKAGE-02,A02;A03;A12,B04,SYNTHETIC project facts from project canonical model,SYNTHETIC,,0,客户;金额;人员;日期;项目事件,enterprise_model/projects/P003_CANONICAL_FACTS.yaml,SOP003;TPL001,SOP003;TPL001,案例文件引用本项目 Canonical Facts，并以对应业务规则或模板为结构依据。,SYNTHETIC,NONE,DIRECT,planned,P003 复杂技术项目；Stage 4 生成正文
P003_07,P003_07_WBS与里程碑计划.md,电力 AI 智能巡检平台-WBS与里程碑计划,项目管理,PROJECT_CASE,P1,PACKAGE-02,A02;A12,B05,SYNTHETIC project facts from project canonical model,SYNTHETIC,,0,客户;金额;人员;日期;项目事件,enterprise_model/projects/P003_CANONICAL_FACTS.yaml,SOP004;TPL004,SOP004;TPL004,案例文件引用本项目 Canonical Facts，并以对应业务规则或模板为结构依据。,SYNTHETIC,NONE,DIRECT,planned,P003 复杂技术项目；Stage 4 生成正文
P003_08,P003_08_项目启动会材料.md,电力 AI 智能巡检平台-项目启动会材料,会议协同,PROJECT_CASE,P1,PACKAGE-02,A02;A04;A05,B05;B13,SYNTHETIC project facts from project canonical model,SYNTHETIC,,0,客户;金额;人员;日期;项目事件,enterprise_model/projects/P003_CANONICAL_FACTS.yaml,SOP006;SOP012,SOP006;SOP012,案例文件引用本项目 Canonical Facts，并以对应业务规则或模板为结构依据。,SYNTHETIC,NONE,DIRECT,planned,P003 复杂技术项目；Stage 4 生成正文
P003_09,P003_09_人员配置计划.md,电力 AI 智能巡检平台-人员配置计划,项目管理,PROJECT_CASE,P1,PACKAGE-02,A02;A07;A08,B06,SYNTHETIC project facts from project canonical model,SYNTHETIC,,0,客户;金额;人员;日期;项目事件,enterprise_model/projects/P003_CANONICAL_FACTS.yaml,SOP005;DATA011,SOP005;DATA011,案例文件引用本项目 Canonical Facts，并以对应业务规则或模板为结构依据。,SYNTHETIC,NONE,DIRECT,planned,P003 复杂技术项目；Stage 4 生成正文
P003_10,P003_10_招聘需求.md,电力 AI 智能巡检平台-招聘需求,招聘,PROJECT_CASE,P1,PACKAGE-02,A07;A08,B07,SYNTHETIC project facts from project canonical model,SYNTHETIC,,0,客户;金额;人员;日期;项目事件,enterprise_model/projects/P003_CANONICAL_FACTS.yaml,SOP014;TPL015,SOP014;TPL015,案例文件引用本项目 Canonical Facts，并以对应业务规则或模板为结构依据。,SYNTHETIC,NONE,DIRECT,planned,P003 复杂技术项目；Stage 4 生成正文
P003_11,P003_11_采购申请.md,电力 AI 智能巡检平台-采购申请,采购,PROJECT_CASE,P1,PACKAGE-02,A09;A10;A11,B09,SYNTHETIC project facts from project canonical model,SYNTHETIC,,0,客户;金额;人员;日期;项目事件,enterprise_model/projects/P003_CANONICAL_FACTS.yaml,SOP016;TPL018,SOP016;TPL018,案例文件引用本项目 Canonical Facts，并以对应业务规则或模板为结构依据。,SYNTHETIC,NONE,DIRECT,planned,P003 复杂技术项目；Stage 4 生成正文
P003_12,P003_12_采购需求规格.md,电力 AI 智能巡检平台-采购需求规格,采购,PROJECT_CASE,P1,PACKAGE-02,A09;A10,B09,SYNTHETIC project facts from project canonical model,SYNTHETIC,,0,客户;金额;人员;日期;项目事件,enterprise_model/projects/P003_CANONICAL_FACTS.yaml,SOP016;REF013,SOP016;REF013,案例文件引用本项目 Canonical Facts，并以对应业务规则或模板为结构依据。,SYNTHETIC,NONE,DIRECT,planned,P003 复杂技术项目；Stage 4 生成正文
P003_13,P003_13_供应商比选记录.md,电力 AI 智能巡检平台-供应商比选记录,供应商,PROJECT_CASE,P1,PACKAGE-02,A09;A10;A11;A12,B09;B10,SYNTHETIC project facts from project canonical model,SYNTHETIC,,0,客户;金额;人员;日期;项目事件,enterprise_model/projects/P003_CANONICAL_FACTS.yaml,SOP017;TPL019,SOP017;TPL019,案例文件引用本项目 Canonical Facts，并以对应业务规则或模板为结构依据。,SYNTHETIC,NONE,DIRECT,planned,P003 复杂技术项目；Stage 4 生成正文
P003_14,P003_14_招投标材料与审查计划.md,电力 AI 智能巡检平台-招投标材料与审查计划,招投标,PROJECT_CASE,P1,PACKAGE-02,A01;A09;A10;A11,B10,SYNTHETIC project facts from project canonical model,SYNTHETIC,,0,客户;金额;人员;日期;项目事件,enterprise_model/projects/P003_CANONICAL_FACTS.yaml,POL013;SOP029;SOP030,POL013;SOP029;SOP030,案例文件引用本项目 Canonical Facts，并以对应业务规则或模板为结构依据。,SYNTHETIC,NONE,DIRECT,planned,P003 复杂技术项目；Stage 4 生成正文
P003_15,P003_15_合同审核意见.md,电力 AI 智能巡检平台-合同审核意见,合同履约,PROJECT_CASE,P1,PACKAGE-02,A10;A11,B11,SYNTHETIC project facts from project canonical model,SYNTHETIC,,0,客户;金额;人员;日期;项目事件,enterprise_model/projects/P003_CANONICAL_FACTS.yaml,SOP018;TPL020,SOP018;TPL020,案例文件引用本项目 Canonical Facts，并以对应业务规则或模板为结构依据。,SYNTHETIC,NONE,DIRECT,planned,P003 复杂技术项目；Stage 4 生成正文
P003_16,P003_16_项目合同摘要.md,电力 AI 智能巡检平台-项目合同摘要,合同履约,PROJECT_CASE,P1,PACKAGE-02,A10;A11;A12,B11,SYNTHETIC project facts from project canonical model,SYNTHETIC,,0,客户;金额;人员;日期;项目事件,enterprise_model/projects/P003_CANONICAL_FACTS.yaml,POL014;SOP018,POL014;SOP018,案例文件引用本项目 Canonical Facts，并以对应业务规则或模板为结构依据。,SYNTHETIC,NONE,DIRECT,planned,P003 复杂技术项目；Stage 4 生成正文
P003_17,P003_17_项目周报汇总.md,电力 AI 智能巡检平台-项目周报汇总,项目管理,PROJECT_CASE,P1,PACKAGE-02,A02;A04;A12,B12;B13,SYNTHETIC project facts from project canonical model,SYNTHETIC,,0,客户;金额;人员;日期;项目事件,enterprise_model/projects/P003_CANONICAL_FACTS.yaml,SOP007;TPL005,SOP007;TPL005,案例文件引用本项目 Canonical Facts，并以对应业务规则或模板为结构依据。,SYNTHETIC,NONE,DIRECT,planned,P003 复杂技术项目；Stage 4 生成正文
P003_18,P003_18_风险台账.md,电力 AI 智能巡检平台-风险台账,项目管理,PROJECT_CASE,P1,PACKAGE-02,A02;A10;A11;A12,B14,SYNTHETIC project facts from project canonical model,SYNTHETIC,,0,客户;金额;人员;日期;项目事件,enterprise_model/projects/P003_CANONICAL_FACTS.yaml,SOP008;TPL006,SOP008;TPL006,案例文件引用本项目 Canonical Facts，并以对应业务规则或模板为结构依据。,SYNTHETIC,NONE,DIRECT,planned,P003 复杂技术项目；Stage 4 生成正文
P003_19,P003_19_变更记录.md,电力 AI 智能巡检平台-变更记录,项目管理,PROJECT_CASE,P1,PACKAGE-02,A01;A02;A10;A11,B12;B14,SYNTHETIC project facts from project canonical model,SYNTHETIC,,0,客户;金额;人员;日期;项目事件,enterprise_model/projects/P003_CANONICAL_FACTS.yaml,SOP009;TPL007,SOP009;TPL007,案例文件引用本项目 Canonical Facts，并以对应业务规则或模板为结构依据。,SYNTHETIC,NONE,DIRECT,planned,P003 复杂技术项目；Stage 4 生成正文
P003_20,P003_20_验收方案.md,电力 AI 智能巡检平台-验收方案,项目管理,PROJECT_CASE,P1,PACKAGE-02,A01;A02;A10;A11,B15,SYNTHETIC project facts from project canonical model,SYNTHETIC,,0,客户;金额;人员;日期;项目事件,enterprise_model/projects/P003_CANONICAL_FACTS.yaml,SOP010;TPL008,SOP010;TPL008,案例文件引用本项目 Canonical Facts，并以对应业务规则或模板为结构依据。,SYNTHETIC,NONE,DIRECT,planned,P003 复杂技术项目；Stage 4 生成正文
P003_21,P003_21_验收报告.md,电力 AI 智能巡检平台-验收报告,项目管理,PROJECT_CASE,P1,PACKAGE-02,A01;A02;A10;A11;A12,B15,SYNTHETIC project facts from project canonical model,SYNTHETIC,,0,客户;金额;人员;日期;项目事件,enterprise_model/projects/P003_CANONICAL_FACTS.yaml,SOP010;POL014,SOP010;POL014,案例文件引用本项目 Canonical Facts，并以对应业务规则或模板为结构依据。,SYNTHETIC,NONE,DIRECT,planned,P003 复杂技术项目；Stage 4 生成正文
P003_22,P003_22_结项报告.md,电力 AI 智能巡检平台-结项报告,项目管理,PROJECT_CASE,P1,PACKAGE-02,A02;A03;A12,B16,SYNTHETIC project facts from project canonical model,SYNTHETIC,,0,客户;金额;人员;日期;项目事件,enterprise_model/projects/P003_CANONICAL_FACTS.yaml,SOP011;POL005,SOP011;POL005,案例文件引用本项目 Canonical Facts，并以对应业务规则或模板为结构依据。,SYNTHETIC,NONE,DIRECT,planned,P003 复杂技术项目；Stage 4 生成正文
P003_23,P003_23_项目经营复盘.md,电力 AI 智能巡检平台-项目经营复盘,经营分析,PROJECT_CASE,P1,PACKAGE-02,A02;A11;A12,B17,SYNTHETIC project facts from project canonical model,SYNTHETIC,,0,客户;金额;人员;日期;项目事件,enterprise_model/projects/P003_CANONICAL_FACTS.yaml,POL016;DATA008;DATA010,POL016;DATA008;DATA010,案例文件引用本项目 Canonical Facts，并以对应业务规则或模板为结构依据。,SYNTHETIC,NONE,DIRECT,planned,P003 复杂技术项目；Stage 4 生成正文
P003_24,P003_24_知识沉淀清单.md,电力 AI 智能巡检平台-知识沉淀清单,知识治理,PROJECT_CASE,P1,PACKAGE-02,A01;A02;A03;A04;A05;A06;A07;A08;A09;A10;A11;A12,B18,SYNTHETIC project facts from project canonical model,SYNTHETIC,,0,客户;金额;人员;日期;项目事件,enterprise_model/projects/P003_CANONICAL_FACTS.yaml,SOP019;SOP020;SOP021,SOP019;SOP020;SOP021,案例文件引用本项目 Canonical Facts，并以对应业务规则或模板为结构依据。,SYNTHETIC,NONE,DIRECT,planned,P003 复杂技术项目；Stage 4 生成正文
P003_25,P003_25_GPU采购技术规格.md,电力 AI 智能巡检平台-GPU采购技术规格,采购,PROJECT_CASE,P1,PACKAGE-02,A02;A03;A09;A10;A11;A12,B09,SYNTHETIC project facts from project canonical model; GPU specification structure analogically derived from SRC-CASE-015 public case,SYNTHETIC_DERIVED,,0,项目事件;金额;日期;人员,enterprise_model/projects/P003_CANONICAL_FACTS.yaml,SOP016;REF013,SOP016;REF013,差异化案例由项目唯一事实源和相关领域规则共同约束。,SYNTHETIC,NONE,DIRECT,planned,P003 差异化案例；Stage 4 生成正文
P003_26,P003_26_算法指标专项评审.md,电力 AI 智能巡检平台-算法指标专项评审,项目管理,PROJECT_CASE,P1,PACKAGE-02,A02;A03;A09;A10;A11;A12,B12;B15,SYNTHETIC project facts from project canonical model,SYNTHETIC,,0,项目事件;金额;日期;人员,enterprise_model/projects/P003_CANONICAL_FACTS.yaml,SOP002;SOP010,SOP002;SOP010,差异化案例由项目唯一事实源和相关领域规则共同约束。,SYNTHETIC,NONE,DIRECT,planned,P003 差异化案例；Stage 4 生成正文
P003_27,P003_27_数据安全评审.md,电力 AI 智能巡检平台-数据安全评审,信息安全数据治理,PROJECT_CASE,P1,PACKAGE-02,A02;A03;A09;A10;A11;A12,B12;B14,SYNTHETIC project facts from project canonical model,SYNTHETIC,,0,项目事件;金额;日期;人员,enterprise_model/projects/P003_CANONICAL_FACTS.yaml,POL017;REF003;REF004,POL017;REF003;REF004,差异化案例由项目唯一事实源和相关领域规则共同约束。,SYNTHETIC,NONE,DIRECT,planned,P003 差异化案例；Stage 4 生成正文
P003_28,P003_28_视频数据治理说明.md,电力 AI 智能巡检平台-视频数据治理说明,信息安全数据治理,PROJECT_CASE,P1,PACKAGE-02,A02;A03;A09;A10;A11;A12,B12;B14,SYNTHETIC project facts from project canonical model,SYNTHETIC,,0,项目事件;金额;日期;人员,enterprise_model/projects/P003_CANONICAL_FACTS.yaml,POL017;KB007,POL017;KB007,差异化案例由项目唯一事实源和相关领域规则共同约束。,SYNTHETIC,NONE,DIRECT,planned,P003 差异化案例；Stage 4 生成正文
P003_29,P003_29_技术方案变更评审.md,电力 AI 智能巡检平台-技术方案变更评审,项目管理,PROJECT_CASE,P1,PACKAGE-02,A02;A03;A09;A10;A11;A12,B12;B14,SYNTHETIC project facts from project canonical model,SYNTHETIC,,0,项目事件;金额;日期;人员,enterprise_model/projects/P003_CANONICAL_FACTS.yaml,SOP009;POL007,SOP009;POL007,差异化案例由项目唯一事实源和相关领域规则共同约束。,SYNTHETIC,NONE,DIRECT,planned,P003 差异化案例；Stage 4 生成正文
P003_30,P003_30_验收指标争议纪要.md,电力 AI 智能巡检平台-验收指标争议纪要,项目管理,PROJECT_CASE,P1,PACKAGE-02,A02;A03;A09;A10;A11;A12,B13;B15,SYNTHETIC project facts from project canonical model,SYNTHETIC,,0,项目事件;金额;日期;人员,enterprise_model/projects/P003_CANONICAL_FACTS.yaml,SOP010;SOP012,SOP010;SOP012,差异化案例由项目唯一事实源和相关领域规则共同约束。,SYNTHETIC,NONE,DIRECT,planned,P003 差异化案例；Stage 4 生成正文
P003_31,P003_31_算法测试专项报告.md,电力 AI 智能巡检平台-算法测试专项报告,项目管理,PROJECT_CASE,P1,PACKAGE-02,A02;A03;A09;A10;A11;A12,B12;B15,SYNTHETIC project facts from project canonical model,SYNTHETIC,,0,项目事件;金额;日期;人员,enterprise_model/projects/P003_CANONICAL_FACTS.yaml,SOP010;POL017,SOP010;POL017,差异化案例由项目唯一事实源和相关领域规则共同约束。,SYNTHETIC,NONE,DIRECT,planned,P003 差异化案例；Stage 4 生成正文
CASE001,CASE001_历史项目案例_需求变更与基线控制复盘.md,需求变更与基线控制复盘,项目管理,PROJECT_CASE,P1,PACKAGE-02,A01;A02;A10;A11;A12,B18,SYNTHETIC cross-project derived case planned for Stage 4,SYNTHETIC_DERIVED,,0,案例情节;项目对比,项目 Canonical Facts 和适用流程,SOP009;P001_19;P002_25;P003_29,SOP009;P001_19;P002_25;P003_29,跨项目案例仅从相关项目事实与领域规则派生。,SYNTHETIC,NONE,DIRECT,planned,Stage 4 生成正文
CASE002,CASE002_历史项目案例_采购合同与成本联动复盘.md,采购合同与成本联动复盘,经营分析,PROJECT_CASE,P1,PACKAGE-02,A02;A09;A11;A12,B18,SYNTHETIC cross-project derived case planned for Stage 4,SYNTHETIC_DERIVED,,0,案例情节;项目对比,项目 Canonical Facts 和适用流程,SOP016;SOP018;P002_29;P003_25,SOP016;SOP018;P002_29;P003_25,跨项目案例仅从相关项目事实与领域规则派生。,SYNTHETIC,NONE,DIRECT,planned,Stage 4 生成正文
CASE003,CASE003_历史项目案例_验收指标与知识沉淀复盘.md,验收指标与知识沉淀复盘,项目管理,PROJECT_CASE,P1,PACKAGE-02,A01;A02;A03;A10;A11;A12,B18,SYNTHETIC cross-project derived case planned for Stage 4,SYNTHETIC_DERIVED,,0,案例情节;项目对比,项目 Canonical Facts 和适用流程,SOP010;SOP019;P001_21;P003_30,SOP010;SOP019;P001_21;P003_30,跨项目案例仅从相关项目事实与领域规则派生。,SYNTHETIC,NONE,DIRECT,planned,Stage 4 生成正文
CASE004,CASE004_历史项目案例_文档格式与排版正反案例.md,文档格式与排版正反案例,公文规范,PROJECT_CASE,P1,PACKAGE-02,A05;A06,B18,SYNTHETIC cross-project derived case planned for Stage 4,SYNTHETIC_DERIVED,,0,案例情节;项目对比,项目 Canonical Facts 和适用流程,SOP022;SOP023;SOP024;FAQ006,SOP022;SOP023;SOP024;FAQ006,跨项目案例仅从相关项目事实与领域规则派生。,SYNTHETIC,NONE,DIRECT,planned,Stage 4 生成正文
TPL001,TPL001_项目管理_项目立项模板.md,项目立项模板,项目管理,TEMPLATE,P1,PACKAGE-03,A01;A02,B03;B04,SYNTHETIC reusable template,INTERNAL_DERIVED,,0,模板字段;示例值,内部合成模板,SOP003,SOP003,模板字段与对应流程、制度或检查规则保持一致。,SYNTHETIC,GUIDANCE,DIRECT,planned,
TPL002,TPL002_项目管理_需求调研模板.md,需求调研模板,项目管理,TEMPLATE,P1,PACKAGE-03,A01;A02,B01;B02,SYNTHETIC reusable template,INTERNAL_DERIVED,,0,模板字段;示例值,内部合成模板,SOP001,SOP001,模板字段与对应流程、制度或检查规则保持一致。,SYNTHETIC,GUIDANCE,DIRECT,planned,
TPL003,TPL003_企业文档_解决方案模板.md,解决方案模板,企业文档,TEMPLATE,P1,PACKAGE-03,A01;A05,B02;B03,SYNTHETIC reusable template,INTERNAL_DERIVED,,0,模板字段;示例值,内部合成模板,SOP002;KB008,SOP002;KB008,模板字段与对应流程、制度或检查规则保持一致。,SYNTHETIC,GUIDANCE,DIRECT,planned,
TPL004,TPL004_项目管理_WBS计划模板.md,WBS计划模板,项目管理,TEMPLATE,P1,PACKAGE-03,A02,B05,SYNTHETIC reusable template,INTERNAL_DERIVED,,0,模板字段;示例值,内部合成模板,SOP004,SOP004,模板字段与对应流程、制度或检查规则保持一致。,SYNTHETIC,GUIDANCE,DIRECT,planned,
TPL005,TPL005_项目管理_项目周报模板.md,项目周报模板,项目管理,TEMPLATE,P1,PACKAGE-03,A02;A04,B12;B13,SYNTHETIC reusable template,INTERNAL_DERIVED,,0,模板字段;示例值,内部合成模板,SOP007,SOP007,模板字段与对应流程、制度或检查规则保持一致。,SYNTHETIC,GUIDANCE,DIRECT,planned,
TPL006,TPL006_项目管理_项目风险台账模板.md,项目风险台账模板,项目管理,TEMPLATE,P1,PACKAGE-03,A02;A10;A11,B14,SYNTHETIC reusable template,INTERNAL_DERIVED,,0,模板字段;示例值,内部合成模板,SOP008;KB009,SOP008;KB009,模板字段与对应流程、制度或检查规则保持一致。,SYNTHETIC,GUIDANCE,DIRECT,planned,
TPL007,TPL007_项目管理_项目变更单模板.md,项目变更单模板,项目管理,TEMPLATE,P1,PACKAGE-03,A02;A10;A11,B12;B14,SYNTHETIC reusable template,INTERNAL_DERIVED,,0,模板字段;示例值,内部合成模板,SOP009,SOP009,模板字段与对应流程、制度或检查规则保持一致。,SYNTHETIC,GUIDANCE,DIRECT,planned,
TPL008,TPL008_项目管理_验收方案模板.md,验收方案模板,项目管理,TEMPLATE,P1,PACKAGE-03,A01;A02;A10;A11,B15,SYNTHETIC reusable template,INTERNAL_DERIVED,,0,模板字段;示例值,内部合成模板,SOP010,SOP010,模板字段与对应流程、制度或检查规则保持一致。,SYNTHETIC,GUIDANCE,DIRECT,planned,
TPL009,TPL009_会议协同_会议议程模板.md,会议议程模板,会议协同,TEMPLATE,P1,PACKAGE-03,A02;A04;A05,B13,SYNTHETIC reusable template,INTERNAL_DERIVED,,0,模板字段;示例值,内部合成模板,SOP012,SOP012,模板字段与对应流程、制度或检查规则保持一致。,SYNTHETIC,GUIDANCE,DIRECT,planned,
TPL010,TPL010_会议协同_会议纪要模板.md,会议纪要模板,会议协同,TEMPLATE,P1,PACKAGE-03,A02;A04;A05,B13;B18,SYNTHETIC reusable template,INTERNAL_DERIVED,,0,模板字段;示例值,内部合成模板,SOP012,SOP012,模板字段与对应流程、制度或检查规则保持一致。,SYNTHETIC,GUIDANCE,DIRECT,planned,
TPL011,TPL011_会议协同_决策与待办清单模板.md,决策与待办清单模板,会议协同,TEMPLATE,P1,PACKAGE-03,A02;A04,B13,SYNTHETIC reusable template,INTERNAL_DERIVED,,0,模板字段;示例值,内部合成模板,SOP012,SOP012,模板字段与对应流程、制度或检查规则保持一致。,SYNTHETIC,GUIDANCE,DIRECT,planned,
TPL012,TPL012_公文规范_通知模板.md,通知模板,公文规范,TEMPLATE,P1,PACKAGE-03,A05;A06,B13,SYNTHETIC reusable template,INTERNAL_DERIVED,,0,模板字段;示例值,内部合成模板,SOP013;SOP023,SOP013;SOP023,模板字段与对应流程、制度或检查规则保持一致。,SYNTHETIC,GUIDANCE,DIRECT,planned,
TPL013,TPL013_公文规范_请示模板.md,请示模板,公文规范,TEMPLATE,P1,PACKAGE-03,A05;A06,B13,SYNTHETIC reusable template,INTERNAL_DERIVED,,0,模板字段;示例值,内部合成模板,SOP013;SOP023,SOP013;SOP023,模板字段与对应流程、制度或检查规则保持一致。,SYNTHETIC,GUIDANCE,DIRECT,planned,
TPL014,TPL014_企业文档_工作报告模板.md,工作报告模板,企业文档,TEMPLATE,P1,PACKAGE-03,A05;A06;A12,B16;B17,SYNTHETIC reusable template,INTERNAL_DERIVED,,0,模板字段;示例值,内部合成模板,SOP013;SOP023,SOP013;SOP023,模板字段与对应流程、制度或检查规则保持一致。,SYNTHETIC,GUIDANCE,DIRECT,planned,
TPL015,TPL015_招聘_岗位JD模板.md,岗位JD模板,招聘,TEMPLATE,P1,PACKAGE-03,A07;A08,B07,SYNTHETIC reusable template,INTERNAL_DERIVED,,0,模板字段;示例值,内部合成模板,SOP014;POL002,SOP014;POL002,模板字段与对应流程、制度或检查规则保持一致。,SYNTHETIC,GUIDANCE,DIRECT,planned,
TPL016,TPL016_招聘_面试评价表模板.md,面试评价表模板,招聘,TEMPLATE,P1,PACKAGE-03,A07;A08,B07,SYNTHETIC reusable template,INTERNAL_DERIVED,,0,模板字段;示例值,内部合成模板,SOP014;FAQ002,SOP014;FAQ002,模板字段与对应流程、制度或检查规则保持一致。,SYNTHETIC,GUIDANCE,DIRECT,planned,
TPL017,TPL017_培训绩效_培训计划模板.md,培训计划模板,培训绩效,TEMPLATE,P1,PACKAGE-03,A08,B08,SYNTHETIC reusable template,INTERNAL_DERIVED,,0,模板字段;示例值,内部合成模板,SOP015;POL003,SOP015;POL003,模板字段与对应流程、制度或检查规则保持一致。,SYNTHETIC,GUIDANCE,DIRECT,planned,
TPL018,TPL018_采购_采购申请模板.md,采购申请模板,采购,TEMPLATE,P1,PACKAGE-03,A09,B09,SYNTHETIC reusable template,INTERNAL_DERIVED,,0,模板字段;示例值,内部合成模板,SOP016,SOP016,模板字段与对应流程、制度或检查规则保持一致。,SYNTHETIC,GUIDANCE,DIRECT,planned,
TPL019,TPL019_供应商_供应商比选表模板.md,供应商比选表模板,供应商,TEMPLATE,P1,PACKAGE-03,A09;A10,B09;B10,SYNTHETIC reusable template,INTERNAL_DERIVED,,0,模板字段;示例值,内部合成模板,SOP017,SOP017,模板字段与对应流程、制度或检查规则保持一致。,SYNTHETIC,GUIDANCE,DIRECT,planned,
TPL020,TPL020_合同履约_合同审查清单模板.md,合同审查清单模板,合同履约,TEMPLATE,P1,PACKAGE-03,A10;A11,B11;B12,SYNTHETIC reusable template,INTERNAL_DERIVED,,0,模板字段;示例值,内部合成模板,SOP018;POL014,SOP018;POL014,模板字段与对应流程、制度或检查规则保持一致。,SYNTHETIC,GUIDANCE,DIRECT,planned,
TPL021,TPL021_公文规范_文档格式检查清单.md,文档格式检查清单,公文规范,TEMPLATE,P1,PACKAGE-03,A05;A06,B13;B18,SYNTHETIC reusable template,INTERNAL_DERIVED,,0,模板字段;示例值,内部合成模板,SOP022;FAQ006,SOP022;FAQ006,模板字段与对应流程、制度或检查规则保持一致。,SYNTHETIC,GUIDANCE,DIRECT,planned,
TPL022,TPL022_公文规范_格式修复与模板映射记录.md,格式修复与模板映射记录,公文规范,TEMPLATE,P1,PACKAGE-03,A06,B13;B18,SYNTHETIC reusable template,INTERNAL_DERIVED,,0,模板字段;示例值,内部合成模板,SOP024;KB008,SOP024;KB008,模板字段与对应流程、制度或检查规则保持一致。,SYNTHETIC,GUIDANCE,DIRECT,planned,
TPL023,TPL023_培训绩效_绩效目标表.md,绩效目标表,培训绩效,TEMPLATE,P1,PACKAGE-03,A08;A12,B08;B17,SYNTHETIC reusable template,INTERNAL_DERIVED,,0,模板字段;示例值,内部合成模板,SOP025,SOP025,模板字段与对应流程、制度或检查规则保持一致。,SYNTHETIC,GUIDANCE,DIRECT,planned,
TPL024,TPL024_培训绩效_中期绩效回顾表.md,中期绩效回顾表,培训绩效,TEMPLATE,P1,PACKAGE-03,A02;A08,B08;B17,SYNTHETIC reusable template,INTERNAL_DERIVED,,0,模板字段;示例值,内部合成模板,SOP026,SOP026,模板字段与对应流程、制度或检查规则保持一致。,SYNTHETIC,GUIDANCE,DIRECT,planned,
TPL025,TPL025_培训绩效_绩效评价反馈与改进计划模板.md,绩效评价反馈与改进计划模板,培训绩效,TEMPLATE,P1,PACKAGE-03,A07;A08,B08;B17,SYNTHETIC reusable template,INTERNAL_DERIVED,,0,模板字段;示例值,内部合成模板,SOP027;SOP028,SOP027;SOP028,模板字段与对应流程、制度或检查规则保持一致。,SYNTHETIC,GUIDANCE,DIRECT,planned,
TPL026,TPL026_招投标_招标文件审查清单.md,招标文件审查清单,招投标,TEMPLATE,P1,PACKAGE-03,A09;A10;A11,B10,SYNTHETIC reusable template,INTERNAL_DERIVED,,0,模板字段;示例值,内部合成模板,SOP029;FAQ009,SOP029;FAQ009,模板字段与对应流程、制度或检查规则保持一致。,SYNTHETIC,GUIDANCE,DIRECT,planned,
TPL027,TPL027_招投标_投标文件审核报告模板.md,投标文件审核报告模板,招投标,TEMPLATE,P1,PACKAGE-03,A01;A10;A11,B10,SYNTHETIC reusable template,INTERNAL_DERIVED,,0,模板字段;示例值,内部合成模板,SOP030;FAQ009,SOP030;FAQ009,模板字段与对应流程、制度或检查规则保持一致。,SYNTHETIC,GUIDANCE,DIRECT,planned,
TPL028,TPL028_招投标_招投标问题定位模板.md,招投标问题定位模板,招投标,TEMPLATE,P1,PACKAGE-03,A10;A11,B10,SYNTHETIC reusable template,INTERNAL_DERIVED,,0,模板字段;示例值,内部合成模板,SOP029;SOP030;FAQ009,SOP029;SOP030;FAQ009,模板字段与对应流程、制度或检查规则保持一致。,SYNTHETIC,GUIDANCE,DIRECT,planned,
DATA001,DATA001_结构化业务数据_员工花名册.xlsx,员工花名册,结构化业务数据,BUSINESS_DATA,P1,PACKAGE-03,A07;A08,B06;B07;B08,SYNTHETIC controlled business-data generation,SYNTHETIC,,0,全部业务记录,仅生成合成行；不得使用真实个人信息,KB007,KB007,数据集受数据分类分级和最小必要原则约束。,SYNTHETIC,NONE,DIRECT,planned,confidentiality=HIGHLY_SENSITIVE
DATA002,DATA002_结构化业务数据_客户主数据.xlsx,客户主数据,结构化业务数据,BUSINESS_DATA,P1,PACKAGE-03,A01;A02;A12,B01;B03;B17,SYNTHETIC controlled business-data generation,SYNTHETIC,,0,全部业务记录,仅生成合成行；不得使用真实个人信息,KB007,KB007,数据集受数据分类分级和最小必要原则约束。,SYNTHETIC,NONE,DIRECT,planned,confidentiality=SENSITIVE
DATA003,DATA003_结构化业务数据_供应商主数据.xlsx,供应商主数据,结构化业务数据,BUSINESS_DATA,P1,PACKAGE-03,A09;A10;A11,B09;B10,SYNTHETIC controlled business-data generation,SYNTHETIC,,0,全部业务记录,仅生成合成行；不得使用真实个人信息,KB007,KB007,数据集受数据分类分级和最小必要原则约束。,SYNTHETIC,NONE,DIRECT,planned,confidentiality=SENSITIVE
DATA004,DATA004_结构化业务数据_项目主数据.xlsx,项目主数据,结构化业务数据,BUSINESS_DATA,P1,PACKAGE-03,A02;A03;A12,B04;B12;B16;B17,SYNTHETIC controlled business-data generation,SYNTHETIC,,0,全部业务记录,仅生成合成行；不得使用真实个人信息,KB007,KB007,数据集受数据分类分级和最小必要原则约束。,SYNTHETIC,NONE,DIRECT,planned,confidentiality=INTERNAL
DATA005,DATA005_结构化业务数据_合同台账.xlsx,合同台账,结构化业务数据,BUSINESS_DATA,P1,PACKAGE-03,A10;A11;A12,B11;B12;B17,SYNTHETIC controlled business-data generation,SYNTHETIC,,0,全部业务记录,仅生成合成行；不得使用真实个人信息,KB007,KB007,数据集受数据分类分级和最小必要原则约束。,SYNTHETIC,NONE,DIRECT,planned,confidentiality=HIGHLY_SENSITIVE
DATA006,DATA006_结构化业务数据_采购订单台账.xlsx,采购订单台账,结构化业务数据,BUSINESS_DATA,P1,PACKAGE-03,A09;A11;A12,B09;B12;B17,SYNTHETIC controlled business-data generation,SYNTHETIC,,0,全部业务记录,仅生成合成行；不得使用真实个人信息,KB007,KB007,数据集受数据分类分级和最小必要原则约束。,SYNTHETIC,NONE,DIRECT,planned,confidentiality=SENSITIVE
DATA007,DATA007_结构化业务数据_项目工时台账.xlsx,项目工时台账,结构化业务数据,BUSINESS_DATA,P1,PACKAGE-03,A02;A08;A12,B06;B12;B17,SYNTHETIC controlled business-data generation,SYNTHETIC,,0,全部业务记录,仅生成合成行；不得使用真实个人信息,KB007,KB007,数据集受数据分类分级和最小必要原则约束。,SYNTHETIC,NONE,DIRECT,planned,confidentiality=SENSITIVE
DATA008,DATA008_结构化业务数据_项目成本台账.xlsx,项目成本台账,结构化业务数据,BUSINESS_DATA,P1,PACKAGE-03,A02;A11;A12,B12;B16;B17,SYNTHETIC controlled business-data generation,SYNTHETIC,,0,全部业务记录,仅生成合成行；不得使用真实个人信息,KB007,KB007,数据集受数据分类分级和最小必要原则约束。,SYNTHETIC,NONE,DIRECT,planned,confidentiality=HIGHLY_SENSITIVE
DATA009,DATA009_结构化业务数据_年度预算台账.xlsx,年度预算台账,结构化业务数据,BUSINESS_DATA,P1,PACKAGE-03,A02;A11;A12,B04;B17,SYNTHETIC controlled business-data generation,SYNTHETIC,,0,全部业务记录,仅生成合成行；不得使用真实个人信息,KB007,KB007,数据集受数据分类分级和最小必要原则约束。,SYNTHETIC,NONE,DIRECT,planned,confidentiality=HIGHLY_SENSITIVE
DATA010,DATA010_结构化业务数据_项目收入台账.xlsx,项目收入台账,结构化业务数据,BUSINESS_DATA,P1,PACKAGE-03,A02;A11;A12,B11;B16;B17,SYNTHETIC controlled business-data generation,SYNTHETIC,,0,全部业务记录,仅生成合成行；不得使用真实个人信息,KB007,KB007,数据集受数据分类分级和最小必要原则约束。,SYNTHETIC,NONE,DIRECT,planned,confidentiality=HIGHLY_SENSITIVE
DATA011,DATA011_结构化业务数据_人员能力标签.xlsx,人员能力标签,结构化业务数据,BUSINESS_DATA,P1,PACKAGE-03,A07;A08;A02,B06;B07;B08,SYNTHETIC controlled business-data generation,SYNTHETIC,,0,全部业务记录,仅生成合成行；不得使用真实个人信息,KB007,KB007,数据集受数据分类分级和最小必要原则约束。,SYNTHETIC,NONE,DIRECT,planned,confidentiality=SENSITIVE
DATA012,DATA012_结构化业务数据_经营指标字典.xlsx,经营指标字典,结构化业务数据,BUSINESS_DATA,P1,PACKAGE-03,A02;A03;A12,B17;B18,SYNTHETIC controlled business-data generation,SYNTHETIC,,0,全部业务记录,仅生成合成行；不得使用真实个人信息,KB007,KB007,数据集受数据分类分级和最小必要原则约束。,SYNTHETIC,NONE,DIRECT,planned,confidentiality=INTERNAL
