knowledge_id,file_name,primary_upload_agent_id,primary_upload_agent,recommended_agent_labels,knowledge_type,domain,title,source_type,project_id
KB001,KB001_企业基础_公司简介.md,A03,企业知识管家,A03_企业知识管家;A05_企业文档创作官,ENTERPRISE_FOUNDATION,企业基础,公司简介,SYNTHETIC,
KB002,KB002_企业基础_组织架构.md,A03,企业知识管家,A02_AI项目经理;A03_企业知识管家;A07_AI招聘与人才助手;A08_培训绩效与员工发展助手,ENTERPRISE_FOUNDATION,企业基础,组织架构,SYNTHETIC,
KB003,KB003_企业基础_部门职责.md,A03,企业知识管家,A02_AI项目经理;A03_企业知识管家;A07_AI招聘与人才助手;A08_培训绩效与员工发展助手;A09_智能采购顾问;A10_招投标审查官;A11_合同与履约风控官;A12_企业经营分析师,ENTERPRISE_FOUNDATION,企业基础,部门职责,SYNTHETIC,
KB004,KB004_企业基础_项目制协作模型.md,A03,企业知识管家,A01_需求洞察与方案顾问;A02_AI项目经理;A03_企业知识管家;A04_智能会议协同官;A09_智能采购顾问;A10_招投标审查官;A11_合同与履约风控官;A12_企业经营分析师,ENTERPRISE_FOUNDATION,企业基础,项目制协作模型,SYNTHETIC,
KB005,KB005_企业基础_权限审批基本原则.md,A03,企业知识管家,A02_AI项目经理;A03_企业知识管家;A09_智能采购顾问;A10_招投标审查官;A11_合同与履约风控官;A12_企业经营分析师,ENTERPRISE_FOUNDATION,企业基础,权限审批基本原则,SYNTHETIC,
KB006,KB006_企业基础_知识治理与冲突解析.md,A03,企业知识管家,A03_企业知识管家;A05_企业文档创作官;A06_文档规范与排版官;A10_招投标审查官;A11_合同与履约风控官,ENTERPRISE_FOUNDATION,企业基础,知识治理与冲突解析,SYNTHETIC,
KB007,KB007_企业基础_数据分类分级.md,A03,企业知识管家,A03_企业知识管家;A09_智能采购顾问;A10_招投标审查官;A11_合同与履约风控官;A12_企业经营分析师,ENTERPRISE_FOUNDATION,信息安全数据治理,数据分类分级,SYNTHETIC,
KB008,KB008_企业基础_文档与版本规则.md,A03,企业知识管家,A03_企业知识管家;A05_企业文档创作官;A06_文档规范与排版官;A10_招投标审查官;A11_合同与履约风控官,ENTERPRISE_FOUNDATION,企业文档,文档与版本规则,SYNTHETIC,
KB009,KB009_企业基础_风险等级规则.md,A02,AI项目经理,A01_需求洞察与方案顾问;A02_AI项目经理;A09_智能采购顾问;A10_招投标审查官;A11_合同与履约风控官;A12_企业经营分析师,ENTERPRISE_FOUNDATION,信息安全数据治理,风险等级规则,SYNTHETIC,
KB010,KB010_企业基础_业务术语表.md,A03,企业知识管家,A01_需求洞察与方案顾问;A02_AI项目经理;A03_企业知识管家;A04_智能会议协同官;A05_企业文档创作官;A06_文档规范与排版官;A07_AI招聘与人才助手;A08_培训绩效与员工发展助手;A09_智能采购顾问;A10_招投标审查官;A11_合同与履约风控官;A12_企业经营分析师,ENTERPRISE_FOUNDATION,企业基础,业务术语表,SYNTHETIC,
KB011,KB011_企业基础_企业主业务链.md,A03,企业知识管家,A01_需求洞察与方案顾问;A02_AI项目经理;A03_企业知识管家;A04_智能会议协同官;A05_企业文档创作官;A06_文档规范与排版官;A07_AI招聘与人才助手;A08_培训绩效与员工发展助手;A09_智能采购顾问;A10_招投标审查官;A11_合同与履约风控官;A12_企业经营分析师,ENTERPRISE_FOUNDATION,企业基础,企业主业务链,SYNTHETIC,
KB012,KB012_企业基础_模拟企业与数据声明.md,A03,企业知识管家,A01_需求洞察与方案顾问;A02_AI项目经理;A03_企业知识管家;A04_智能会议协同官;A05_企业文档创作官;A06_文档规范与排版官;A07_AI招聘与人才助手;A08_培训绩效与员工发展助手;A09_智能采购顾问;A10_招投标审查官;A11_合同与履约风控官;A12_企业经营分析师,ENTERPRISE_FOUNDATION,企业基础,模拟企业与数据声明,SYNTHETIC,
REF001,REF001_公开依据_劳动合同相关规则.md,A07,AI招聘与人才助手,A07_AI招聘与人才助手;A08_培训绩效与员工发展助手,PUBLIC_REFERENCE,人力资源,劳动合同相关规则,PUBLIC_OFFICIAL,
REF002,REF002_公开依据_个人信息保护相关规则.md,A03,企业知识管家,A03_企业知识管家;A07_AI招聘与人才助手;A11_合同与履约风控官,PUBLIC_REFERENCE,信息安全数据治理,个人信息保护相关规则,PUBLIC_OFFICIAL,
REF003,REF003_公开依据_数据安全相关规则.md,A03,企业知识管家,A03_企业知识管家;A10_招投标审查官;A11_合同与履约风控官;A12_企业经营分析师,PUBLIC_REFERENCE,信息安全数据治理,数据安全相关规则,PUBLIC_OFFICIAL,
REF004,REF004_公开依据_网络安全相关规则.md,A03,企业知识管家,A03_企业知识管家;A10_招投标审查官;A11_合同与履约风控官,PUBLIC_REFERENCE,信息安全数据治理,网络安全相关规则,PUBLIC_OFFICIAL,
REF005,REF005_公开依据_政府采购基本规则.md,A09,智能采购顾问,A09_智能采购顾问;A10_招投标审查官;A11_合同与履约风控官,PUBLIC_REFERENCE,公共法规标准,政府采购基本规则,PUBLIC_OFFICIAL,
REF006,REF006_公开依据_招标投标基本规则.md,A10,招投标审查官,A01_需求洞察与方案顾问;A09_智能采购顾问;A10_招投标审查官;A11_合同与履约风控官,PUBLIC_REFERENCE,公共法规标准,招标投标基本规则,PUBLIC_OFFICIAL,
REF007,REF007_公开依据_电子招标投标规则.md,A10,招投标审查官,A09_智能采购顾问;A10_招投标审查官,PUBLIC_REFERENCE,公共法规标准,电子招标投标规则,PUBLIC_OFFICIAL,
REF008,REF008_公开依据_合同示范与民商事规则.md,A11,合同与履约风控官,A01_需求洞察与方案顾问;A10_招投标审查官;A11_合同与履约风控官,PUBLIC_REFERENCE,公共法规标准,合同示范与民商事规则,PUBLIC_OFFICIAL,
REF009,REF009_公开依据_档案管理相关规则.md,A05,企业文档创作官,A03_企业知识管家;A04_智能会议协同官;A05_企业文档创作官,PUBLIC_REFERENCE,公共法规标准,档案管理相关规则,PUBLIC_OFFICIAL,
REF010,REF010_公开依据_会计与项目成本规则.md,A12,企业经营分析师,A02_AI项目经理;A12_企业经营分析师,PUBLIC_REFERENCE,公共法规标准,会计与项目成本规则,PUBLIC_OFFICIAL,
REF011,REF011_公开依据_信息安全管理体系参考.md,A03,企业知识管家,A03_企业知识管家;A10_招投标审查官;A11_合同与履约风控官,PUBLIC_REFERENCE,公共法规标准,信息安全管理体系参考,PUBLIC_OFFICIAL,
REF012,REF012_公开依据_项目管理实践参考.md,A02,AI项目经理,A02_AI项目经理;A04_智能会议协同官;A12_企业经营分析师,PUBLIC_REFERENCE,公共法规标准,项目管理实践参考,PUBLIC_CORPORATE,
REF013,REF013_公开依据_采购需求编制参考.md,A09,智能采购顾问,A01_需求洞察与方案顾问;A09_智能采购顾问;A10_招投标审查官,PUBLIC_REFERENCE,公共法规标准,采购需求编制参考,PUBLIC_OFFICIAL,
REF014,REF014_公开依据_企业内部控制参考.md,A12,企业经营分析师,A02_AI项目经理;A09_智能采购顾问;A11_合同与履约风控官;A12_企业经营分析师,PUBLIC_REFERENCE,公共法规标准,企业内部控制参考,PUBLIC_OFFICIAL,
REF015,REF015_公开依据_人力资源管理实践参考.md,A07,AI招聘与人才助手,A07_AI招聘与人才助手;A08_培训绩效与员工发展助手,PUBLIC_REFERENCE,公共企业实践,人力资源管理实践参考,PUBLIC_CORPORATE,
REF016,REF016_公开依据_会议治理实践参考.md,A04,智能会议协同官,A02_AI项目经理;A04_智能会议协同官;A05_企业文档创作官,PUBLIC_REFERENCE,公共企业实践,会议治理实践参考,PUBLIC_CORPORATE,
REF017,REF017_公开依据_知识管理实践参考.md,A03,企业知识管家,A03_企业知识管家;A05_企业文档创作官;A06_文档规范与排版官,PUBLIC_REFERENCE,公共企业实践,知识管理实践参考,PUBLIC_CORPORATE,
REF018,REF018_公开依据_公开政企项目案例研究方法.md,A01,需求洞察与方案顾问,A01_需求洞察与方案顾问;A02_AI项目经理;A10_招投标审查官;A12_企业经营分析师,PUBLIC_REFERENCE,公共案例,公开政企项目案例研究方法,PUBLIC_CASE,
POL001,POL001_企业制度_人力资源管理办法.md,A07,AI招聘与人才助手,A03_企业知识管家;A07_AI招聘与人才助手;A08_培训绩效与员工发展助手,POLICY,人力资源,人力资源管理办法,SYNTHETIC_DERIVED,
POL002,POL002_企业制度_招聘管理制度.md,A07,AI招聘与人才助手,A03_企业知识管家;A07_AI招聘与人才助手;A08_培训绩效与员工发展助手,POLICY,招聘,招聘管理制度,SYNTHETIC_DERIVED,
POL003,POL003_企业制度_培训管理制度.md,A08,培训绩效与员工发展助手,A03_企业知识管家;A07_AI招聘与人才助手;A08_培训绩效与员工发展助手,POLICY,培训绩效,培训管理制度,SYNTHETIC_DERIVED,
POL004,POL004_企业制度_绩效管理办法.md,A08,培训绩效与员工发展助手,A07_AI招聘与人才助手;A08_培训绩效与员工发展助手;A12_企业经营分析师,POLICY,培训绩效,绩效管理办法,SYNTHETIC_DERIVED,
POL005,POL005_企业制度_项目管理制度.md,A02,AI项目经理,A01_需求洞察与方案顾问;A02_AI项目经理;A03_企业知识管家;A12_企业经营分析师,POLICY,项目管理,项目管理制度,SYNTHETIC_DERIVED,
POL006,POL006_企业制度_项目立项管理办法.md,A02,AI项目经理,A01_需求洞察与方案顾问;A02_AI项目经理;A12_企业经营分析师,POLICY,项目管理,项目立项管理办法,SYNTHETIC_DERIVED,
POL007,POL007_企业制度_项目变更管理办法.md,A02,AI项目经理,A02_AI项目经理;A10_招投标审查官;A11_合同与履约风控官;A12_企业经营分析师,POLICY,项目管理,项目变更管理办法,SYNTHETIC_DERIVED,
POL008,POL008_企业制度_会议管理制度.md,A04,智能会议协同官,A02_AI项目经理;A03_企业知识管家;A04_智能会议协同官;A05_企业文档创作官,POLICY,会议协同,会议管理制度,SYNTHETIC_DERIVED,
POL009,POL009_企业制度_文档管理制度.md,A05,企业文档创作官,A03_企业知识管家;A04_智能会议协同官;A05_企业文档创作官;A06_文档规范与排版官,POLICY,企业文档,文档管理制度,SYNTHETIC_DERIVED,
POL010,POL010_企业制度_公文管理办法.md,A05,企业文档创作官,A03_企业知识管家;A05_企业文档创作官;A06_文档规范与排版官,POLICY,公文规范,通知请示报告与专项预算公文管理办法,SYNTHETIC_DERIVED,
POL011,POL011_企业制度_采购管理制度.md,A09,智能采购顾问,A02_AI项目经理;A09_智能采购顾问;A10_招投标审查官;A11_合同与履约风控官,POLICY,采购,采购管理制度,SYNTHETIC_DERIVED,
POL012,POL012_企业制度_供应商管理制度.md,A09,智能采购顾问,A09_智能采购顾问;A10_招投标审查官;A11_合同与履约风控官;A12_企业经营分析师,POLICY,供应商,供应商管理制度,SYNTHETIC_DERIVED,
POL013,POL013_企业制度_招投标管理制度.md,A10,招投标审查官,A01_需求洞察与方案顾问;A09_智能采购顾问;A10_招投标审查官;A11_合同与履约风控官,POLICY,招投标,招投标管理制度,SYNTHETIC_DERIVED,
POL014,POL014_企业制度_合同管理制度.md,A11,合同与履约风控官,A01_需求洞察与方案顾问;A02_AI项目经理;A10_招投标审查官;A11_合同与履约风控官,POLICY,合同履约,合同管理制度,SYNTHETIC_DERIVED,
POL015,POL015_企业制度_预算管理制度.md,A12,企业经营分析师,A02_AI项目经理;A09_智能采购顾问;A11_合同与履约风控官;A12_企业经营分析师,POLICY,财务,预算管理制度,SYNTHETIC_DERIVED,
POL016,POL016_企业制度_项目成本管理制度.md,A12,企业经营分析师,A02_AI项目经理;A12_企业经营分析师,POLICY,财务,项目成本管理制度,SYNTHETIC_DERIVED,
POL017,POL017_企业制度_信息安全管理制度.md,A03,企业知识管家,A03_企业知识管家;A07_AI招聘与人才助手;A10_招投标审查官;A11_合同与履约风控官;A12_企业经营分析师,POLICY,信息安全数据治理,信息安全管理制度,SYNTHETIC_DERIVED,
POL018,POL018_企业制度_知识产权与保密管理制度.md,A11,合同与履约风控官,A03_企业知识管家;A05_企业文档创作官;A10_招投标审查官;A11_合同与履约风控官,POLICY,信息安全数据治理,知识产权与保密管理制度,SYNTHETIC_DERIVED,
SOP001,SOP001_项目管理_客户需求澄清流程.md,A01,需求洞察与方案顾问,A01_需求洞察与方案顾问;A02_AI项目经理,SOP,项目管理,客户需求澄清流程,INTERNAL_DERIVED,
SOP002,SOP002_项目管理_解决方案设计流程.md,A01,需求洞察与方案顾问,A01_需求洞察与方案顾问;A02_AI项目经理;A05_企业文档创作官,SOP,项目管理,解决方案设计流程,INTERNAL_DERIVED,
SOP003,SOP003_项目管理_项目立项流程.md,A02,AI项目经理,A01_需求洞察与方案顾问;A02_AI项目经理;A12_企业经营分析师,SOP,项目管理,项目立项流程,INTERNAL_DERIVED,
SOP004,SOP004_项目管理_WBS与里程碑编制流程.md,A02,AI项目经理,A02_AI项目经理;A12_企业经营分析师,SOP,项目管理,WBS与里程碑编制流程,INTERNAL_DERIVED,
SOP005,SOP005_项目管理_项目资源配置流程.md,A02,AI项目经理,A02_AI项目经理;A07_AI招聘与人才助手;A08_培训绩效与员工发展助手,SOP,项目管理,项目资源配置流程,INTERNAL_DERIVED,
SOP006,SOP006_项目管理_项目启动流程.md,A02,AI项目经理,A02_AI项目经理;A04_智能会议协同官,SOP,项目管理,项目启动流程,INTERNAL_DERIVED,
SOP007,SOP007_项目管理_项目周报与进度管理流程.md,A02,AI项目经理,A02_AI项目经理;A04_智能会议协同官;A12_企业经营分析师,SOP,项目管理,项目周报与进度管理流程,INTERNAL_DERIVED,
SOP008,SOP008_项目管理_项目风险管理流程.md,A02,AI项目经理,A01_需求洞察与方案顾问;A02_AI项目经理;A10_招投标审查官;A11_合同与履约风控官;A12_企业经营分析师,SOP,项目管理,项目风险管理流程,INTERNAL_DERIVED,
SOP009,SOP009_项目管理_项目变更控制流程.md,A02,AI项目经理,A01_需求洞察与方案顾问;A02_AI项目经理;A10_招投标审查官;A11_合同与履约风控官;A12_企业经营分析师,SOP,项目管理,项目变更控制流程,INTERNAL_DERIVED,
SOP010,SOP010_项目管理_项目验收流程.md,A02,AI项目经理,A01_需求洞察与方案顾问;A02_AI项目经理;A10_招投标审查官;A11_合同与履约风控官,SOP,项目管理,项目验收流程,INTERNAL_DERIVED,
SOP011,SOP011_项目管理_项目结项与复盘流程.md,A02,AI项目经理,A02_AI项目经理;A03_企业知识管家;A12_企业经营分析师,SOP,项目管理,项目结项与复盘流程,INTERNAL_DERIVED,
SOP012,SOP012_会议协同_会议议程与纪要流程.md,A04,智能会议协同官,A02_AI项目经理;A04_智能会议协同官;A05_企业文档创作官,SOP,会议协同,会议议程与纪要流程,INTERNAL_DERIVED,
SOP013,SOP013_企业文档_通知请示报告写作流程.md,A05,企业文档创作官,A03_企业知识管家;A05_企业文档创作官;A06_文档规范与排版官,SOP,企业文档,通知请示报告写作流程,INTERNAL_DERIVED,
SOP014,SOP014_招聘_招聘需求到录用流程.md,A07,AI招聘与人才助手,A07_AI招聘与人才助手;A08_培训绩效与员工发展助手,SOP,招聘,招聘需求到录用流程,INTERNAL_DERIVED,
SOP015,SOP015_培训绩效_入职培训实施流程.md,A08,培训绩效与员工发展助手,A07_AI招聘与人才助手;A08_培训绩效与员工发展助手,SOP,培训绩效,入职培训实施流程,INTERNAL_DERIVED,
SOP016,SOP016_采购_采购申请与询价流程.md,A09,智能采购顾问,A09_智能采购顾问;A10_招投标审查官;A11_合同与履约风控官,SOP,采购,采购申请与询价流程,INTERNAL_DERIVED,
SOP017,SOP017_供应商_供应商比选与准入流程.md,A09,智能采购顾问,A09_智能采购顾问;A10_招投标审查官;A11_合同与履约风控官;A12_企业经营分析师,SOP,供应商,供应商比选与准入流程,INTERNAL_DERIVED,
SOP018,SOP018_合同履约_合同审核与履约跟踪流程.md,A11,合同与履约风控官,A02_AI项目经理;A10_招投标审查官;A11_合同与履约风控官;A12_企业经营分析师,SOP,合同履约,合同审核与履约跟踪流程,INTERNAL_DERIVED,
SOP019,SOP019_知识治理_知识新增与审核流程.md,A03,企业知识管家,A03_企业知识管家;A05_企业文档创作官,SOP,知识治理,知识新增与审核流程,INTERNAL_DERIVED,
SOP020,SOP020_知识治理_知识版本与冲突处理流程.md,A03,企业知识管家,A03_企业知识管家;A06_文档规范与排版官;A11_合同与履约风控官,SOP,知识治理,知识版本与冲突处理流程,INTERNAL_DERIVED,
SOP021,SOP021_知识治理_知识废止与归档流程.md,A03,企业知识管家,A03_企业知识管家;A04_智能会议协同官;A05_企业文档创作官,SOP,知识治理,知识废止与归档流程,INTERNAL_DERIVED,
SOP022,SOP022_公文规范_文档格式检查流程.md,A06,文档规范与排版官,A05_企业文档创作官;A06_文档规范与排版官,SOP,公文规范,文档格式检查流程,INTERNAL_DERIVED,
SOP023,SOP023_公文规范_文档排版流程.md,A06,文档规范与排版官,A05_企业文档创作官;A06_文档规范与排版官,SOP,公文规范,文档排版流程,INTERNAL_DERIVED,
SOP024,SOP024_公文规范_格式修复与模板套用流程.md,A06,文档规范与排版官,A05_企业文档创作官;A06_文档规范与排版官,SOP,公文规范,格式修复与模板套用流程,INTERNAL_DERIVED,
SOP025,SOP025_培训绩效_绩效目标制定流程.md,A08,培训绩效与员工发展助手,A08_培训绩效与员工发展助手;A12_企业经营分析师,SOP,培训绩效,绩效目标制定流程,INTERNAL_DERIVED,
SOP026,SOP026_培训绩效_中期绩效回顾流程.md,A08,培训绩效与员工发展助手,A02_AI项目经理;A08_培训绩效与员工发展助手,SOP,培训绩效,中期绩效回顾流程,INTERNAL_DERIVED,
SOP027,SOP027_培训绩效_绩效评价与反馈流程.md,A08,培训绩效与员工发展助手,A07_AI招聘与人才助手;A08_培训绩效与员工发展助手;A12_企业经营分析师,SOP,培训绩效,绩效评价与反馈流程,INTERNAL_DERIVED,
SOP028,SOP028_培训绩效_绩效改进计划流程.md,A08,培训绩效与员工发展助手,A07_AI招聘与人才助手;A08_培训绩效与员工发展助手,SOP,培训绩效,绩效改进计划流程,INTERNAL_DERIVED,
SOP029,SOP029_招投标_招标文件审查流程.md,A10,招投标审查官,A01_需求洞察与方案顾问;A09_智能采购顾问;A10_招投标审查官;A11_合同与履约风控官,SOP,招投标,招标文件审查流程,INTERNAL_DERIVED,
SOP030,SOP030_招投标_投标文件审查流程.md,A10,招投标审查官,A01_需求洞察与方案顾问;A10_招投标审查官;A11_合同与履约风控官,SOP,招投标,投标文件审查流程,INTERNAL_DERIVED,
FAQ001,FAQ001_人力资源_请假与出勤常见问题.md,A07,AI招聘与人才助手,A03_企业知识管家;A07_AI招聘与人才助手;A08_培训绩效与员工发展助手,FAQ_RULE,人力资源,请假与出勤常见问题,INTERNAL_DERIVED,
FAQ002,FAQ002_招聘_招聘面试评价常见问题.md,A07,AI招聘与人才助手,A07_AI招聘与人才助手;A08_培训绩效与员工发展助手,FAQ_RULE,招聘,招聘面试评价常见问题,INTERNAL_DERIVED,
FAQ003,FAQ003_培训绩效_绩效目标设定常见问题.md,A08,培训绩效与员工发展助手,A07_AI招聘与人才助手;A08_培训绩效与员工发展助手;A12_企业经营分析师,FAQ_RULE,培训绩效,绩效目标设定常见问题,INTERNAL_DERIVED,
FAQ004,FAQ004_项目管理_项目延期处理规则.md,A02,AI项目经理,A02_AI项目经理;A10_招投标审查官;A11_合同与履约风控官;A12_企业经营分析师,FAQ_RULE,项目管理,项目延期处理规则,INTERNAL_DERIVED,
FAQ005,FAQ005_会议协同_会议决策与待办常见问题.md,A04,智能会议协同官,A02_AI项目经理;A04_智能会议协同官;A05_企业文档创作官,FAQ_RULE,会议协同,会议决策与待办常见问题,INTERNAL_DERIVED,
FAQ006,FAQ006_公文规范_公文格式快速检查规则.md,A06,文档规范与排版官,A05_企业文档创作官;A06_文档规范与排版官,FAQ_RULE,公文规范,公文格式快速检查规则,INTERNAL_DERIVED,
FAQ007,FAQ007_采购_采购阈值适用问答.md,A09,智能采购顾问,A09_智能采购顾问;A10_招投标审查官;A11_合同与履约风控官;A12_企业经营分析师,FAQ_RULE,采购,采购阈值适用问答,INTERNAL_DERIVED,
FAQ008,FAQ008_供应商_供应商准入问答.md,A09,智能采购顾问,A09_智能采购顾问;A10_招投标审查官;A11_合同与履约风控官,FAQ_RULE,供应商,供应商准入问答,INTERNAL_DERIVED,
FAQ009,FAQ009_招投标_招投标完整性资格商务技术评分与风险检查规则.md,A10,招投标审查官,A01_需求洞察与方案顾问;A10_招投标审查官;A11_合同与履约风控官,FAQ_RULE,招投标,招投标完整性资格商务技术评分与风险检查规则,INTERNAL_DERIVED,
FAQ010,FAQ010_合同履约_合同付款条件检查规则.md,A11,合同与履约风控官,A10_招投标审查官;A11_合同与履约风控官;A12_企业经营分析师,FAQ_RULE,合同履约,合同付款条件检查规则,INTERNAL_DERIVED,
FAQ011,FAQ011_经营分析_项目成本偏差问答.md,A12,企业经营分析师,A02_AI项目经理;A11_合同与履约风控官;A12_企业经营分析师,FAQ_RULE,经营分析,项目成本偏差问答,INTERNAL_DERIVED,
FAQ012,FAQ012_信息安全数据治理_敏感数据使用问答.md,A03,企业知识管家,A03_企业知识管家;A10_招投标审查官;A11_合同与履约风控官;A12_企业经营分析师,FAQ_RULE,信息安全数据治理,敏感数据使用问答,INTERNAL_DERIVED,
ROLE001,ROLE001_项目管理_项目经理.md,A02,AI项目经理,A02_AI项目经理,ROLE,项目管理,项目经理,SYNTHETIC_DERIVED,
ROLE002,ROLE002_项目管理_解决方案顾问.md,A01,需求洞察与方案顾问,A01_需求洞察与方案顾问,ROLE,项目管理,解决方案顾问,SYNTHETIC_DERIVED,
ROLE003,ROLE003_企业基础_产品经理.md,A01,需求洞察与方案顾问,A01_需求洞察与方案顾问;A02_AI项目经理,ROLE,企业基础,产品经理,SYNTHETIC_DERIVED,
ROLE004,ROLE004_信息安全数据治理_技术与算法工程师.md,A02,AI项目经理,A01_需求洞察与方案顾问;A02_AI项目经理;A11_合同与履约风控官,ROLE,信息安全数据治理,技术与算法工程师,SYNTHETIC_DERIVED,
ROLE005,ROLE005_采购_采购专员.md,A09,智能采购顾问,A09_智能采购顾问,ROLE,采购,采购专员,SYNTHETIC_DERIVED,
ROLE006,ROLE006_招聘_HRBP与招聘专员.md,A07,AI招聘与人才助手,A07_AI招聘与人才助手;A08_培训绩效与员工发展助手,ROLE,招聘,HRBP与招聘专员,SYNTHETIC_DERIVED,
ROLE007,ROLE007_财务_财务经理.md,A12,企业经营分析师,A02_AI项目经理;A12_企业经营分析师,ROLE,财务,财务经理,SYNTHETIC_DERIVED,
ROLE008,ROLE008_合同履约_法务风控经理.md,A11,合同与履约风控官,A10_招投标审查官;A11_合同与履约风控官,ROLE,合同履约,法务风控经理,SYNTHETIC_DERIVED,
ROLE009,ROLE009_会议协同_综合行政专员.md,A04,智能会议协同官,A03_企业知识管家;A04_智能会议协同官;A05_企业文档创作官;A06_文档规范与排版官,ROLE,会议协同,综合行政专员,SYNTHETIC_DERIVED,
ROLE010,ROLE010_项目管理_项目成员.md,A02,AI项目经理,A02_AI项目经理;A04_智能会议协同官;A12_企业经营分析师,ROLE,项目管理,项目成员,SYNTHETIC_DERIVED,
P001_01,P001_01_客户需求说明.md,A01,需求洞察与方案顾问,A01_需求洞察与方案顾问;A02_AI项目经理;A03_企业知识管家;A04_智能会议协同官;A05_企业文档创作官;A06_文档规范与排版官;A07_AI招聘与人才助手;A08_培训绩效与员工发展助手;A09_智能采购顾问;A10_招投标审查官;A11_合同与履约风控官;A12_企业经营分析师,PROJECT_CASE,项目管理,智慧园区 AI 数字人服务平台-客户需求说明,SYNTHETIC,P001
P001_02,P001_02_需求调研记录.md,A01,需求洞察与方案顾问,A01_需求洞察与方案顾问;A02_AI项目经理;A03_企业知识管家;A04_智能会议协同官;A10_招投标审查官;A11_合同与履约风控官;A12_企业经营分析师,PROJECT_CASE,项目管理,智慧园区 AI 数字人服务平台-需求调研记录,SYNTHETIC,P001
P001_03,P001_03_需求分析报告.md,A01,需求洞察与方案顾问,A01_需求洞察与方案顾问;A02_AI项目经理;A10_招投标审查官;A11_合同与履约风控官;A12_企业经营分析师,PROJECT_CASE,项目管理,智慧园区 AI 数字人服务平台-需求分析报告,SYNTHETIC,P001
P001_04,P001_04_解决方案.md,A01,需求洞察与方案顾问,A01_需求洞察与方案顾问;A02_AI项目经理;A05_企业文档创作官;A10_招投标审查官;A11_合同与履约风控官,PROJECT_CASE,项目管理,智慧园区 AI 数字人服务平台-解决方案,SYNTHETIC,P001
P001_05,P001_05_报价说明.md,A12,企业经营分析师,A01_需求洞察与方案顾问;A02_AI项目经理;A09_智能采购顾问;A12_企业经营分析师,PROJECT_CASE,财务,智慧园区 AI 数字人服务平台-报价说明,SYNTHETIC,P001
P001_06,P001_06_项目立项申请.md,A02,AI项目经理,A02_AI项目经理;A03_企业知识管家;A12_企业经营分析师,PROJECT_CASE,项目管理,智慧园区 AI 数字人服务平台-项目立项申请,SYNTHETIC,P001
P001_07,P001_07_WBS与里程碑计划.md,A02,AI项目经理,A02_AI项目经理;A12_企业经营分析师,PROJECT_CASE,项目管理,智慧园区 AI 数字人服务平台-WBS与里程碑计划,SYNTHETIC,P001
P001_08,P001_08_项目启动会材料.md,A04,智能会议协同官,A02_AI项目经理;A04_智能会议协同官;A05_企业文档创作官,PROJECT_CASE,会议协同,智慧园区 AI 数字人服务平台-项目启动会材料,SYNTHETIC,P001
P001_09,P001_09_人员配置计划.md,A07,AI招聘与人才助手,A02_AI项目经理;A07_AI招聘与人才助手;A08_培训绩效与员工发展助手,PROJECT_CASE,项目管理,智慧园区 AI 数字人服务平台-人员配置计划,SYNTHETIC,P001
P001_10,P001_10_招聘需求.md,A07,AI招聘与人才助手,A07_AI招聘与人才助手;A08_培训绩效与员工发展助手,PROJECT_CASE,招聘,智慧园区 AI 数字人服务平台-招聘需求,SYNTHETIC,P001
P001_11,P001_11_采购申请.md,A09,智能采购顾问,A09_智能采购顾问;A10_招投标审查官;A11_合同与履约风控官,PROJECT_CASE,采购,智慧园区 AI 数字人服务平台-采购申请,SYNTHETIC,P001
P001_12,P001_12_采购需求规格.md,A09,智能采购顾问,A09_智能采购顾问;A10_招投标审查官,PROJECT_CASE,采购,智慧园区 AI 数字人服务平台-采购需求规格,SYNTHETIC,P001
P001_13,P001_13_供应商比选记录.md,A09,智能采购顾问,A09_智能采购顾问;A10_招投标审查官;A11_合同与履约风控官;A12_企业经营分析师,PROJECT_CASE,供应商,智慧园区 AI 数字人服务平台-供应商比选记录,SYNTHETIC,P001
P001_14,P001_14_招投标材料与审查计划.md,A10,招投标审查官,A01_需求洞察与方案顾问;A09_智能采购顾问;A10_招投标审查官;A11_合同与履约风控官,PROJECT_CASE,招投标,智慧园区 AI 数字人服务平台-招投标材料与审查计划,SYNTHETIC,P001
P001_15,P001_15_合同审核意见.md,A11,合同与履约风控官,A10_招投标审查官;A11_合同与履约风控官,PROJECT_CASE,合同履约,智慧园区 AI 数字人服务平台-合同审核意见,SYNTHETIC,P001
P001_16,P001_16_项目合同摘要.md,A11,合同与履约风控官,A10_招投标审查官;A11_合同与履约风控官;A12_企业经营分析师,PROJECT_CASE,合同履约,智慧园区 AI 数字人服务平台-项目合同摘要,SYNTHETIC,P001
P001_17,P001_17_项目周报汇总.md,A02,AI项目经理,A02_AI项目经理;A04_智能会议协同官;A12_企业经营分析师,PROJECT_CASE,项目管理,智慧园区 AI 数字人服务平台-项目周报汇总,SYNTHETIC,P001
P001_18,P001_18_风险台账.md,A02,AI项目经理,A02_AI项目经理;A10_招投标审查官;A11_合同与履约风控官;A12_企业经营分析师,PROJECT_CASE,项目管理,智慧园区 AI 数字人服务平台-风险台账,SYNTHETIC,P001
P001_19,P001_19_变更记录.md,A02,AI项目经理,A01_需求洞察与方案顾问;A02_AI项目经理;A10_招投标审查官;A11_合同与履约风控官,PROJECT_CASE,项目管理,智慧园区 AI 数字人服务平台-变更记录,SYNTHETIC,P001
P001_20,P001_20_验收方案.md,A02,AI项目经理,A01_需求洞察与方案顾问;A02_AI项目经理;A10_招投标审查官;A11_合同与履约风控官,PROJECT_CASE,项目管理,智慧园区 AI 数字人服务平台-验收方案,SYNTHETIC,P001
P001_21,P001_21_验收报告.md,A02,AI项目经理,A01_需求洞察与方案顾问;A02_AI项目经理;A10_招投标审查官;A11_合同与履约风控官;A12_企业经营分析师,PROJECT_CASE,项目管理,智慧园区 AI 数字人服务平台-验收报告,SYNTHETIC,P001
P001_22,P001_22_结项报告.md,A02,AI项目经理,A02_AI项目经理;A03_企业知识管家;A12_企业经营分析师,PROJECT_CASE,项目管理,智慧园区 AI 数字人服务平台-结项报告,SYNTHETIC,P001
P001_23,P001_23_项目经营复盘.md,A12,企业经营分析师,A02_AI项目经理;A11_合同与履约风控官;A12_企业经营分析师,PROJECT_CASE,经营分析,智慧园区 AI 数字人服务平台-项目经营复盘,SYNTHETIC,P001
P001_24,P001_24_知识沉淀清单.md,A03,企业知识管家,A01_需求洞察与方案顾问;A02_AI项目经理;A03_企业知识管家;A04_智能会议协同官;A05_企业文档创作官;A06_文档规范与排版官;A07_AI招聘与人才助手;A08_培训绩效与员工发展助手;A09_智能采购顾问;A10_招投标审查官;A11_合同与履约风控官;A12_企业经营分析师,PROJECT_CASE,知识治理,智慧园区 AI 数字人服务平台-知识沉淀清单,SYNTHETIC,P001
P001_25,P001_25_招标文件关键条款.md,A10,招投标审查官,A01_需求洞察与方案顾问;A09_智能采购顾问;A10_招投标审查官;A11_合同与履约风控官,PROJECT_CASE,招投标,智慧园区 AI 数字人服务平台-招标文件关键条款,SYNTHETIC_DERIVED,P001
P001_26,P001_26_招标文件审查记录.md,A10,招投标审查官,A01_需求洞察与方案顾问;A09_智能采购顾问;A10_招投标审查官;A11_合同与履约风控官,PROJECT_CASE,招投标,智慧园区 AI 数字人服务平台-招标文件审查记录,SYNTHETIC_DERIVED,P001
P001_27,P001_27_投标文件响应材料.md,A10,招投标审查官,A01_需求洞察与方案顾问;A09_智能采购顾问;A10_招投标审查官;A11_合同与履约风控官,PROJECT_CASE,招投标,智慧园区 AI 数字人服务平台-投标文件响应材料,SYNTHETIC,P001
P001_28,P001_28_资格材料.md,A10,招投标审查官,A01_需求洞察与方案顾问;A09_智能采购顾问;A10_招投标审查官;A11_合同与履约风控官,PROJECT_CASE,招投标,智慧园区 AI 数字人服务平台-资格材料,SYNTHETIC,P001
P001_29,P001_29_商务响应表.md,A10,招投标审查官,A01_需求洞察与方案顾问;A09_智能采购顾问;A10_招投标审查官;A11_合同与履约风控官,PROJECT_CASE,招投标,智慧园区 AI 数字人服务平台-商务响应表,SYNTHETIC,P001
P001_30,P001_30_技术参数响应表.md,A10,招投标审查官,A01_需求洞察与方案顾问;A09_智能采购顾问;A10_招投标审查官;A11_合同与履约风控官,PROJECT_CASE,招投标,智慧园区 AI 数字人服务平台-技术参数响应表,SYNTHETIC,P001
P001_31,P001_31_评分响应材料.md,A10,招投标审查官,A01_需求洞察与方案顾问;A09_智能采购顾问;A10_招投标审查官;A11_合同与履约风控官,PROJECT_CASE,招投标,智慧园区 AI 数字人服务平台-评分响应材料,SYNTHETIC,P001
P001_32,P001_32_AI审核问题清单.md,A10,招投标审查官,A01_需求洞察与方案顾问;A09_智能采购顾问;A10_招投标审查官;A11_合同与履约风控官,PROJECT_CASE,招投标,智慧园区 AI 数字人服务平台-AI审核问题清单,SYNTHETIC,P001
P001_33,P001_33_人工复核与审核结论.md,A10,招投标审查官,A01_需求洞察与方案顾问;A09_智能采购顾问;A10_招投标审查官;A11_合同与履约风控官,PROJECT_CASE,招投标,智慧园区 AI 数字人服务平台-人工复核与审核结论,SYNTHETIC,P001
P002_01,P002_01_客户需求说明.md,A01,需求洞察与方案顾问,A01_需求洞察与方案顾问;A02_AI项目经理;A03_企业知识管家;A04_智能会议协同官;A05_企业文档创作官;A06_文档规范与排版官;A07_AI招聘与人才助手;A08_培训绩效与员工发展助手;A09_智能采购顾问;A10_招投标审查官;A11_合同与履约风控官;A12_企业经营分析师,PROJECT_CASE,项目管理,银行企业知识助手项目-客户需求说明,SYNTHETIC,P002
P002_02,P002_02_需求调研记录.md,A01,需求洞察与方案顾问,A01_需求洞察与方案顾问;A02_AI项目经理;A03_企业知识管家;A04_智能会议协同官;A10_招投标审查官;A11_合同与履约风控官;A12_企业经营分析师,PROJECT_CASE,项目管理,银行企业知识助手项目-需求调研记录,SYNTHETIC,P002
P002_03,P002_03_需求分析报告.md,A01,需求洞察与方案顾问,A01_需求洞察与方案顾问;A02_AI项目经理;A10_招投标审查官;A11_合同与履约风控官;A12_企业经营分析师,PROJECT_CASE,项目管理,银行企业知识助手项目-需求分析报告,SYNTHETIC,P002
P002_04,P002_04_解决方案.md,A01,需求洞察与方案顾问,A01_需求洞察与方案顾问;A02_AI项目经理;A05_企业文档创作官;A10_招投标审查官;A11_合同与履约风控官,PROJECT_CASE,项目管理,银行企业知识助手项目-解决方案,SYNTHETIC_DERIVED,P002
P002_05,P002_05_报价说明.md,A12,企业经营分析师,A01_需求洞察与方案顾问;A02_AI项目经理;A09_智能采购顾问;A12_企业经营分析师,PROJECT_CASE,财务,银行企业知识助手项目-报价说明,SYNTHETIC,P002
P002_06,P002_06_项目立项申请.md,A02,AI项目经理,A02_AI项目经理;A03_企业知识管家;A12_企业经营分析师,PROJECT_CASE,项目管理,银行企业知识助手项目-项目立项申请,SYNTHETIC,P002
P002_07,P002_07_WBS与里程碑计划.md,A02,AI项目经理,A02_AI项目经理;A12_企业经营分析师,PROJECT_CASE,项目管理,银行企业知识助手项目-WBS与里程碑计划,SYNTHETIC,P002
P002_08,P002_08_项目启动会材料.md,A04,智能会议协同官,A02_AI项目经理;A04_智能会议协同官;A05_企业文档创作官,PROJECT_CASE,会议协同,银行企业知识助手项目-项目启动会材料,SYNTHETIC,P002
P002_09,P002_09_人员配置计划.md,A07,AI招聘与人才助手,A02_AI项目经理;A07_AI招聘与人才助手;A08_培训绩效与员工发展助手,PROJECT_CASE,项目管理,银行企业知识助手项目-人员配置计划,SYNTHETIC,P002
P002_10,P002_10_招聘需求.md,A07,AI招聘与人才助手,A07_AI招聘与人才助手;A08_培训绩效与员工发展助手,PROJECT_CASE,招聘,银行企业知识助手项目-招聘需求,SYNTHETIC,P002
P002_11,P002_11_采购申请.md,A09,智能采购顾问,A09_智能采购顾问;A10_招投标审查官;A11_合同与履约风控官,PROJECT_CASE,采购,银行企业知识助手项目-采购申请,SYNTHETIC,P002
P002_12,P002_12_采购需求规格.md,A09,智能采购顾问,A09_智能采购顾问;A10_招投标审查官,PROJECT_CASE,采购,银行企业知识助手项目-采购需求规格,SYNTHETIC,P002
P002_13,P002_13_供应商比选记录.md,A09,智能采购顾问,A09_智能采购顾问;A10_招投标审查官;A11_合同与履约风控官;A12_企业经营分析师,PROJECT_CASE,供应商,银行企业知识助手项目-供应商比选记录,SYNTHETIC,P002
P002_14,P002_14_招投标材料与审查计划.md,A10,招投标审查官,A01_需求洞察与方案顾问;A09_智能采购顾问;A10_招投标审查官;A11_合同与履约风控官,PROJECT_CASE,招投标,银行企业知识助手项目-招投标材料与审查计划,SYNTHETIC,P002
P002_15,P002_15_合同审核意见.md,A11,合同与履约风控官,A10_招投标审查官;A11_合同与履约风控官,PROJECT_CASE,合同履约,银行企业知识助手项目-合同审核意见,SYNTHETIC,P002
P002_16,P002_16_项目合同摘要.md,A11,合同与履约风控官,A10_招投标审查官;A11_合同与履约风控官;A12_企业经营分析师,PROJECT_CASE,合同履约,银行企业知识助手项目-项目合同摘要,SYNTHETIC,P002
P002_17,P002_17_项目周报汇总.md,A02,AI项目经理,A02_AI项目经理;A04_智能会议协同官;A12_企业经营分析师,PROJECT_CASE,项目管理,银行企业知识助手项目-项目周报汇总,SYNTHETIC,P002
P002_18,P002_18_风险台账.md,A02,AI项目经理,A02_AI项目经理;A10_招投标审查官;A11_合同与履约风控官;A12_企业经营分析师,PROJECT_CASE,项目管理,银行企业知识助手项目-风险台账,SYNTHETIC,P002
P002_19,P002_19_变更记录.md,A02,AI项目经理,A01_需求洞察与方案顾问;A02_AI项目经理;A10_招投标审查官;A11_合同与履约风控官,PROJECT_CASE,项目管理,银行企业知识助手项目-变更记录,SYNTHETIC,P002
P002_20,P002_20_验收方案.md,A02,AI项目经理,A01_需求洞察与方案顾问;A02_AI项目经理;A10_招投标审查官;A11_合同与履约风控官,PROJECT_CASE,项目管理,银行企业知识助手项目-验收方案,SYNTHETIC,P002
P002_21,P002_21_验收报告.md,A02,AI项目经理,A01_需求洞察与方案顾问;A02_AI项目经理;A10_招投标审查官;A11_合同与履约风控官;A12_企业经营分析师,PROJECT_CASE,项目管理,银行企业知识助手项目-验收报告,SYNTHETIC,P002
P002_22,P002_22_结项报告.md,A02,AI项目经理,A02_AI项目经理;A03_企业知识管家;A12_企业经营分析师,PROJECT_CASE,项目管理,银行企业知识助手项目-结项报告,SYNTHETIC,P002
P002_23,P002_23_项目经营复盘.md,A12,企业经营分析师,A02_AI项目经理;A11_合同与履约风控官;A12_企业经营分析师,PROJECT_CASE,经营分析,银行企业知识助手项目-项目经营复盘,SYNTHETIC,P002
P002_24,P002_24_知识沉淀清单.md,A03,企业知识管家,A01_需求洞察与方案顾问;A02_AI项目经理;A03_企业知识管家;A04_智能会议协同官;A05_企业文档创作官;A06_文档规范与排版官;A07_AI招聘与人才助手;A08_培训绩效与员工发展助手;A09_智能采购顾问;A10_招投标审查官;A11_合同与履约风控官;A12_企业经营分析师,PROJECT_CASE,知识治理,银行企业知识助手项目-知识沉淀清单,SYNTHETIC,P002
P002_25,P002_25_需求变更申请.md,A10,招投标审查官,A01_需求洞察与方案顾问;A02_AI项目经理;A03_企业知识管家;A10_招投标审查官;A11_合同与履约风控官;A12_企业经营分析师,PROJECT_CASE,项目管理,银行企业知识助手项目-需求变更申请,SYNTHETIC,P002
P002_26,P002_26_项目延期风险升级记录.md,A10,招投标审查官,A01_需求洞察与方案顾问;A02_AI项目经理;A03_企业知识管家;A10_招投标审查官;A11_合同与履约风控官;A12_企业经营分析师,PROJECT_CASE,项目管理,银行企业知识助手项目-项目延期风险升级记录,SYNTHETIC,P002
P002_27,P002_27_知识版本冲突处理记录.md,A10,招投标审查官,A01_需求洞察与方案顾问;A02_AI项目经理;A03_企业知识管家;A10_招投标审查官;A11_合同与履约风控官;A12_企业经营分析师,PROJECT_CASE,知识治理,银行企业知识助手项目-延期原因链与知识版本冲突处理,SYNTHETIC,P002
P002_28,P002_28_人员不足资源申请.md,A10,招投标审查官,A01_需求洞察与方案顾问;A02_AI项目经理;A03_企业知识管家;A10_招投标审查官;A11_合同与履约风控官;A12_企业经营分析师,PROJECT_CASE,项目管理,银行企业知识助手项目-人员不足资源申请,SYNTHETIC,P002
P002_29,P002_29_成本超支预警.md,A10,招投标审查官,A01_需求洞察与方案顾问;A02_AI项目经理;A03_企业知识管家;A10_招投标审查官;A11_合同与履约风控官;A12_企业经营分析师,PROJECT_CASE,经营分析,银行企业知识助手项目-成本超支预警,SYNTHETIC,P002
P002_30,P002_30_合同付款争议记录.md,A10,招投标审查官,A01_需求洞察与方案顾问;A02_AI项目经理;A03_企业知识管家;A10_招投标审查官;A11_合同与履约风控官;A12_企业经营分析师,PROJECT_CASE,合同履约,银行企业知识助手项目-合同付款争议记录,SYNTHETIC,P002
P002_31,P002_31_项目纠偏会议纪要.md,A10,招投标审查官,A01_需求洞察与方案顾问;A02_AI项目经理;A03_企业知识管家;A10_招投标审查官;A11_合同与履约风控官;A12_企业经营分析师,PROJECT_CASE,会议协同,银行企业知识助手项目-项目纠偏会议纪要,SYNTHETIC,P002
P003_01,P003_01_客户需求说明.md,A01,需求洞察与方案顾问,A01_需求洞察与方案顾问;A02_AI项目经理;A03_企业知识管家;A04_智能会议协同官;A05_企业文档创作官;A06_文档规范与排版官;A07_AI招聘与人才助手;A08_培训绩效与员工发展助手;A09_智能采购顾问;A10_招投标审查官;A11_合同与履约风控官;A12_企业经营分析师,PROJECT_CASE,项目管理,电力 AI 智能巡检平台-客户需求说明,SYNTHETIC,P003
P003_02,P003_02_需求调研记录.md,A01,需求洞察与方案顾问,A01_需求洞察与方案顾问;A02_AI项目经理;A03_企业知识管家;A04_智能会议协同官;A10_招投标审查官;A11_合同与履约风控官;A12_企业经营分析师,PROJECT_CASE,项目管理,电力 AI 智能巡检平台-需求调研记录,SYNTHETIC,P003
P003_03,P003_03_需求分析报告.md,A01,需求洞察与方案顾问,A01_需求洞察与方案顾问;A02_AI项目经理;A10_招投标审查官;A11_合同与履约风控官;A12_企业经营分析师,PROJECT_CASE,项目管理,电力 AI 智能巡检平台-需求分析报告,SYNTHETIC,P003
P003_04,P003_04_解决方案.md,A01,需求洞察与方案顾问,A01_需求洞察与方案顾问;A02_AI项目经理;A05_企业文档创作官;A10_招投标审查官;A11_合同与履约风控官,PROJECT_CASE,项目管理,电力 AI 智能巡检平台-解决方案,SYNTHETIC_DERIVED,P003
P003_05,P003_05_报价说明.md,A12,企业经营分析师,A01_需求洞察与方案顾问;A02_AI项目经理;A09_智能采购顾问;A12_企业经营分析师,PROJECT_CASE,财务,电力 AI 智能巡检平台-报价说明,SYNTHETIC,P003
P003_06,P003_06_项目立项申请.md,A02,AI项目经理,A02_AI项目经理;A03_企业知识管家;A12_企业经营分析师,PROJECT_CASE,项目管理,电力 AI 智能巡检平台-项目立项申请,SYNTHETIC,P003
P003_07,P003_07_WBS与里程碑计划.md,A02,AI项目经理,A02_AI项目经理;A12_企业经营分析师,PROJECT_CASE,项目管理,电力 AI 智能巡检平台-WBS与里程碑计划,SYNTHETIC,P003
P003_08,P003_08_项目启动会材料.md,A04,智能会议协同官,A02_AI项目经理;A04_智能会议协同官;A05_企业文档创作官,PROJECT_CASE,会议协同,电力 AI 智能巡检平台-项目启动会材料,SYNTHETIC,P003
P003_09,P003_09_人员配置计划.md,A07,AI招聘与人才助手,A02_AI项目经理;A07_AI招聘与人才助手;A08_培训绩效与员工发展助手,PROJECT_CASE,项目管理,电力 AI 智能巡检平台-人员配置计划,SYNTHETIC,P003
P003_10,P003_10_招聘需求.md,A07,AI招聘与人才助手,A07_AI招聘与人才助手;A08_培训绩效与员工发展助手,PROJECT_CASE,招聘,电力 AI 智能巡检平台-招聘需求,SYNTHETIC,P003
P003_11,P003_11_采购申请.md,A09,智能采购顾问,A09_智能采购顾问;A10_招投标审查官;A11_合同与履约风控官,PROJECT_CASE,采购,电力 AI 智能巡检平台-采购申请,SYNTHETIC,P003
P003_12,P003_12_采购需求规格.md,A09,智能采购顾问,A09_智能采购顾问;A10_招投标审查官,PROJECT_CASE,采购,电力 AI 智能巡检平台-采购需求规格,SYNTHETIC,P003
P003_13,P003_13_供应商比选记录.md,A09,智能采购顾问,A09_智能采购顾问;A10_招投标审查官;A11_合同与履约风控官;A12_企业经营分析师,PROJECT_CASE,供应商,电力 AI 智能巡检平台-供应商比选记录,SYNTHETIC,P003
P003_14,P003_14_招投标材料与审查计划.md,A10,招投标审查官,A01_需求洞察与方案顾问;A09_智能采购顾问;A10_招投标审查官;A11_合同与履约风控官,PROJECT_CASE,招投标,电力 AI 智能巡检平台-招投标材料与审查计划,SYNTHETIC,P003
P003_15,P003_15_合同审核意见.md,A11,合同与履约风控官,A10_招投标审查官;A11_合同与履约风控官,PROJECT_CASE,合同履约,电力 AI 智能巡检平台-合同审核意见,SYNTHETIC,P003
P003_16,P003_16_项目合同摘要.md,A11,合同与履约风控官,A10_招投标审查官;A11_合同与履约风控官;A12_企业经营分析师,PROJECT_CASE,合同履约,电力 AI 智能巡检平台-项目合同摘要,SYNTHETIC,P003
P003_17,P003_17_项目周报汇总.md,A02,AI项目经理,A02_AI项目经理;A04_智能会议协同官;A12_企业经营分析师,PROJECT_CASE,项目管理,电力 AI 智能巡检平台-项目周报汇总,SYNTHETIC,P003
P003_18,P003_18_风险台账.md,A02,AI项目经理,A02_AI项目经理;A10_招投标审查官;A11_合同与履约风控官;A12_企业经营分析师,PROJECT_CASE,项目管理,电力 AI 智能巡检平台-风险台账,SYNTHETIC,P003
P003_19,P003_19_变更记录.md,A02,AI项目经理,A01_需求洞察与方案顾问;A02_AI项目经理;A10_招投标审查官;A11_合同与履约风控官,PROJECT_CASE,项目管理,电力 AI 智能巡检平台-变更记录,SYNTHETIC,P003
P003_20,P003_20_验收方案.md,A02,AI项目经理,A01_需求洞察与方案顾问;A02_AI项目经理;A10_招投标审查官;A11_合同与履约风控官,PROJECT_CASE,项目管理,电力 AI 智能巡检平台-验收方案,SYNTHETIC,P003
P003_21,P003_21_验收报告.md,A02,AI项目经理,A01_需求洞察与方案顾问;A02_AI项目经理;A10_招投标审查官;A11_合同与履约风控官;A12_企业经营分析师,PROJECT_CASE,项目管理,电力 AI 智能巡检平台-验收报告,SYNTHETIC,P003
P003_22,P003_22_结项报告.md,A02,AI项目经理,A02_AI项目经理;A03_企业知识管家;A12_企业经营分析师,PROJECT_CASE,项目管理,电力 AI 智能巡检平台-结项报告,SYNTHETIC,P003
P003_23,P003_23_项目经营复盘.md,A12,企业经营分析师,A02_AI项目经理;A11_合同与履约风控官;A12_企业经营分析师,PROJECT_CASE,经营分析,电力 AI 智能巡检平台-项目经营复盘,SYNTHETIC,P003
P003_24,P003_24_知识沉淀清单.md,A03,企业知识管家,A01_需求洞察与方案顾问;A02_AI项目经理;A03_企业知识管家;A04_智能会议协同官;A05_企业文档创作官;A06_文档规范与排版官;A07_AI招聘与人才助手;A08_培训绩效与员工发展助手;A09_智能采购顾问;A10_招投标审查官;A11_合同与履约风控官;A12_企业经营分析师,PROJECT_CASE,知识治理,电力 AI 智能巡检平台-知识沉淀清单,SYNTHETIC,P003
P003_25,P003_25_GPU采购技术规格.md,A09,智能采购顾问,A02_AI项目经理;A03_企业知识管家;A09_智能采购顾问;A10_招投标审查官;A11_合同与履约风控官;A12_企业经营分析师,PROJECT_CASE,采购,电力 AI 智能巡检平台-GPU采购技术规格,SYNTHETIC_DERIVED,P003
P003_26,P003_26_算法指标专项评审.md,A02,AI项目经理,A02_AI项目经理;A03_企业知识管家;A09_智能采购顾问;A10_招投标审查官;A11_合同与履约风控官;A12_企业经营分析师,PROJECT_CASE,项目管理,电力 AI 智能巡检平台-算法指标专项评审,SYNTHETIC,P003
P003_27,P003_27_数据安全评审.md,A03,企业知识管家,A02_AI项目经理;A03_企业知识管家;A09_智能采购顾问;A10_招投标审查官;A11_合同与履约风控官;A12_企业经营分析师,PROJECT_CASE,信息安全数据治理,电力 AI 智能巡检平台-数据安全评审,SYNTHETIC,P003
P003_28,P003_28_视频数据治理说明.md,A03,企业知识管家,A02_AI项目经理;A03_企业知识管家;A09_智能采购顾问;A10_招投标审查官;A11_合同与履约风控官;A12_企业经营分析师,PROJECT_CASE,信息安全数据治理,电力 AI 智能巡检平台-视频数据治理说明,SYNTHETIC,P003
P003_29,P003_29_技术方案变更评审.md,A02,AI项目经理,A02_AI项目经理;A03_企业知识管家;A09_智能采购顾问;A10_招投标审查官;A11_合同与履约风控官;A12_企业经营分析师,PROJECT_CASE,项目管理,电力 AI 智能巡检平台-技术方案变更评审,SYNTHETIC,P003
P003_30,P003_30_验收指标争议纪要.md,A11,合同与履约风控官,A02_AI项目经理;A03_企业知识管家;A09_智能采购顾问;A10_招投标审查官;A11_合同与履约风控官;A12_企业经营分析师,PROJECT_CASE,项目管理,电力 AI 智能巡检平台-验收指标争议纪要,SYNTHETIC,P003
P003_31,P003_31_算法测试专项报告.md,A02,AI项目经理,A02_AI项目经理;A03_企业知识管家;A09_智能采购顾问;A10_招投标审查官;A11_合同与履约风控官;A12_企业经营分析师,PROJECT_CASE,项目管理,电力 AI 智能巡检平台-算法测试专项报告,SYNTHETIC,P003
CASE001,CASE001_历史项目案例_需求变更与基线控制复盘.md,A02,AI项目经理,A01_需求洞察与方案顾问;A02_AI项目经理;A10_招投标审查官;A11_合同与履约风控官;A12_企业经营分析师,PROJECT_CASE,项目管理,需求变更与基线控制复盘,SYNTHETIC_DERIVED,CROSS_PROJECT
CASE002,CASE002_历史项目案例_采购合同与成本联动复盘.md,A12,企业经营分析师,A02_AI项目经理;A09_智能采购顾问;A11_合同与履约风控官;A12_企业经营分析师,PROJECT_CASE,经营分析,P002 银行企业知识助手项目负毛利异常原因与采购合同成本联动复盘,SYNTHETIC_DERIVED,CROSS_PROJECT
CASE003,CASE003_历史项目案例_验收指标与知识沉淀复盘.md,A02,AI项目经理,A01_需求洞察与方案顾问;A02_AI项目经理;A03_企业知识管家;A10_招投标审查官;A11_合同与履约风控官;A12_企业经营分析师,PROJECT_CASE,项目管理,验收指标与知识沉淀复盘,SYNTHETIC_DERIVED,CROSS_PROJECT
CASE004,CASE004_历史项目案例_文档格式与排版正反案例.md,A06,文档规范与排版官,A05_企业文档创作官;A06_文档规范与排版官,PROJECT_CASE,公文规范,文档格式与排版正反案例,SYNTHETIC_DERIVED,CROSS_PROJECT
TPL001,TPL001_项目管理_项目立项模板.md,A02,AI项目经理,A01_需求洞察与方案顾问;A02_AI项目经理,TEMPLATE,项目管理,项目立项模板,INTERNAL_DERIVED,
TPL002,TPL002_项目管理_需求调研模板.md,A01,需求洞察与方案顾问,A01_需求洞察与方案顾问;A02_AI项目经理,TEMPLATE,项目管理,需求调研模板,INTERNAL_DERIVED,
TPL003,TPL003_企业文档_解决方案模板.md,A05,企业文档创作官,A01_需求洞察与方案顾问;A05_企业文档创作官,TEMPLATE,企业文档,解决方案模板,INTERNAL_DERIVED,
TPL004,TPL004_项目管理_WBS计划模板.md,A02,AI项目经理,A02_AI项目经理,TEMPLATE,项目管理,WBS计划模板,INTERNAL_DERIVED,
TPL005,TPL005_项目管理_项目周报模板.md,A02,AI项目经理,A02_AI项目经理;A04_智能会议协同官,TEMPLATE,项目管理,项目周报模板,INTERNAL_DERIVED,
TPL006,TPL006_项目管理_项目风险台账模板.md,A02,AI项目经理,A02_AI项目经理;A10_招投标审查官;A11_合同与履约风控官,TEMPLATE,项目管理,项目风险台账模板,INTERNAL_DERIVED,
TPL007,TPL007_项目管理_项目变更单模板.md,A02,AI项目经理,A02_AI项目经理;A10_招投标审查官;A11_合同与履约风控官,TEMPLATE,项目管理,项目变更单模板,INTERNAL_DERIVED,
TPL008,TPL008_项目管理_验收方案模板.md,A02,AI项目经理,A01_需求洞察与方案顾问;A02_AI项目经理;A10_招投标审查官;A11_合同与履约风控官,TEMPLATE,项目管理,验收方案模板,INTERNAL_DERIVED,
TPL009,TPL009_会议协同_会议议程模板.md,A04,智能会议协同官,A02_AI项目经理;A04_智能会议协同官;A05_企业文档创作官,TEMPLATE,会议协同,会议议程模板,INTERNAL_DERIVED,
TPL010,TPL010_会议协同_会议纪要模板.md,A04,智能会议协同官,A02_AI项目经理;A04_智能会议协同官;A05_企业文档创作官,TEMPLATE,会议协同,会议纪要模板,INTERNAL_DERIVED,
TPL011,TPL011_会议协同_决策与待办清单模板.md,A04,智能会议协同官,A02_AI项目经理;A04_智能会议协同官,TEMPLATE,会议协同,决策与待办清单模板,INTERNAL_DERIVED,
TPL012,TPL012_公文规范_通知模板.md,A05,企业文档创作官,A05_企业文档创作官;A06_文档规范与排版官,TEMPLATE,公文规范,通知模板,INTERNAL_DERIVED,
TPL013,TPL013_公文规范_请示模板.md,A05,企业文档创作官,A05_企业文档创作官;A06_文档规范与排版官,TEMPLATE,公文规范,专项预算与事项批准请示模板,INTERNAL_DERIVED,
TPL014,TPL014_企业文档_工作报告模板.md,A05,企业文档创作官,A05_企业文档创作官;A06_文档规范与排版官;A12_企业经营分析师,TEMPLATE,企业文档,工作报告模板,INTERNAL_DERIVED,
TPL015,TPL015_招聘_岗位JD模板.md,A07,AI招聘与人才助手,A07_AI招聘与人才助手;A08_培训绩效与员工发展助手,TEMPLATE,招聘,岗位JD模板,INTERNAL_DERIVED,
TPL016,TPL016_招聘_面试评价表模板.md,A07,AI招聘与人才助手,A07_AI招聘与人才助手;A08_培训绩效与员工发展助手,TEMPLATE,招聘,面试评价表模板,INTERNAL_DERIVED,
TPL017,TPL017_培训绩效_培训计划模板.md,A08,培训绩效与员工发展助手,A08_培训绩效与员工发展助手,TEMPLATE,培训绩效,培训计划模板,INTERNAL_DERIVED,
TPL018,TPL018_采购_采购申请模板.md,A09,智能采购顾问,A09_智能采购顾问,TEMPLATE,采购,采购申请模板,INTERNAL_DERIVED,
TPL019,TPL019_供应商_供应商比选表模板.md,A09,智能采购顾问,A09_智能采购顾问;A10_招投标审查官,TEMPLATE,供应商,供应商比选表模板,INTERNAL_DERIVED,
TPL020,TPL020_合同履约_合同审查清单模板.md,A11,合同与履约风控官,A10_招投标审查官;A11_合同与履约风控官,TEMPLATE,合同履约,合同审查清单模板,INTERNAL_DERIVED,
TPL021,TPL021_公文规范_文档格式检查清单.md,A06,文档规范与排版官,A05_企业文档创作官;A06_文档规范与排版官,TEMPLATE,公文规范,文档格式检查清单,INTERNAL_DERIVED,
TPL022,TPL022_公文规范_格式修复与模板映射记录.md,A06,文档规范与排版官,A06_文档规范与排版官,TEMPLATE,公文规范,格式修复与模板映射记录,INTERNAL_DERIVED,
TPL023,TPL023_培训绩效_绩效目标表.md,A08,培训绩效与员工发展助手,A08_培训绩效与员工发展助手;A12_企业经营分析师,TEMPLATE,培训绩效,绩效目标表,INTERNAL_DERIVED,
TPL024,TPL024_培训绩效_中期绩效回顾表.md,A08,培训绩效与员工发展助手,A02_AI项目经理;A08_培训绩效与员工发展助手,TEMPLATE,培训绩效,中期绩效回顾表,INTERNAL_DERIVED,
TPL025,TPL025_培训绩效_绩效评价反馈与改进计划模板.md,A08,培训绩效与员工发展助手,A07_AI招聘与人才助手;A08_培训绩效与员工发展助手,TEMPLATE,培训绩效,绩效评价反馈与改进计划模板,INTERNAL_DERIVED,
TPL026,TPL026_招投标_招标文件审查清单.md,A10,招投标审查官,A09_智能采购顾问;A10_招投标审查官;A11_合同与履约风控官,TEMPLATE,招投标,招标文件审查清单,INTERNAL_DERIVED,
TPL027,TPL027_招投标_投标文件审核报告模板.md,A10,招投标审查官,A01_需求洞察与方案顾问;A10_招投标审查官;A11_合同与履约风控官,TEMPLATE,招投标,投标文件审核报告模板,INTERNAL_DERIVED,
TPL028,TPL028_招投标_招投标问题定位模板.md,A10,招投标审查官,A10_招投标审查官;A11_合同与履约风控官,TEMPLATE,招投标,招投标问题定位模板,INTERNAL_DERIVED,
DATA001,DATA001_结构化业务数据_员工花名册.xlsx,A07,AI招聘与人才助手,A07_AI招聘与人才助手;A08_培训绩效与员工发展助手,BUSINESS_DATA,结构化业务数据,员工花名册,SYNTHETIC,
DATA002,DATA002_结构化业务数据_客户主数据.xlsx,A01,需求洞察与方案顾问,A01_需求洞察与方案顾问;A02_AI项目经理;A12_企业经营分析师,BUSINESS_DATA,结构化业务数据,客户主数据,SYNTHETIC,
DATA003,DATA003_结构化业务数据_供应商主数据.xlsx,A09,智能采购顾问,A09_智能采购顾问;A10_招投标审查官;A11_合同与履约风控官,BUSINESS_DATA,结构化业务数据,供应商主数据,SYNTHETIC,
DATA004,DATA004_结构化业务数据_项目主数据.xlsx,A02,AI项目经理,A02_AI项目经理;A03_企业知识管家;A12_企业经营分析师,BUSINESS_DATA,结构化业务数据,项目主数据,SYNTHETIC,
DATA005,DATA005_结构化业务数据_合同台账.xlsx,A11,合同与履约风控官,A10_招投标审查官;A11_合同与履约风控官;A12_企业经营分析师,BUSINESS_DATA,结构化业务数据,合同台账,SYNTHETIC,
DATA006,DATA006_结构化业务数据_采购订单台账.xlsx,A09,智能采购顾问,A09_智能采购顾问;A11_合同与履约风控官;A12_企业经营分析师,BUSINESS_DATA,结构化业务数据,采购订单台账,SYNTHETIC,
DATA007,DATA007_结构化业务数据_项目工时台账.xlsx,A02,AI项目经理,A02_AI项目经理;A08_培训绩效与员工发展助手;A12_企业经营分析师,BUSINESS_DATA,结构化业务数据,项目工时台账,SYNTHETIC,
DATA008,DATA008_结构化业务数据_项目成本台账.xlsx,A12,企业经营分析师,A02_AI项目经理;A11_合同与履约风控官;A12_企业经营分析师,BUSINESS_DATA,结构化业务数据,项目成本台账,SYNTHETIC,
DATA009,DATA009_结构化业务数据_年度预算台账.xlsx,A12,企业经营分析师,A02_AI项目经理;A11_合同与履约风控官;A12_企业经营分析师,BUSINESS_DATA,结构化业务数据,年度预算台账,SYNTHETIC,
DATA010,DATA010_结构化业务数据_项目收入台账.xlsx,A12,企业经营分析师,A02_AI项目经理;A11_合同与履约风控官;A12_企业经营分析师,BUSINESS_DATA,结构化业务数据,项目收入台账,SYNTHETIC,
DATA011,DATA011_结构化业务数据_人员能力标签.xlsx,A08,培训绩效与员工发展助手,A07_AI招聘与人才助手;A08_培训绩效与员工发展助手;A02_AI项目经理,BUSINESS_DATA,结构化业务数据,人员能力标签,SYNTHETIC,
DATA012,DATA012_结构化业务数据_经营指标字典.xlsx,A12,企业经营分析师,A02_AI项目经理;A03_企业知识管家;A12_企业经营分析师,BUSINESS_DATA,结构化业务数据,经营指标字典,SYNTHETIC,
