knowledge_id,knowledge_type,domain,title,served_agents,source_type,project_id,history_level,rag_path,source_path
KB001,ENTERPRISE_FOUNDATION,企业基础,公司简介,A03;A05,SYNTHETIC,,,core/KB001_企业基础_公司简介.md,knowledge/core/KB001_企业基础_公司简介.md
KB002,ENTERPRISE_FOUNDATION,企业基础,组织架构,A02;A03;A07;A08,SYNTHETIC,,,core/KB002_企业基础_组织架构.md,knowledge/core/KB002_企业基础_组织架构.md
KB003,ENTERPRISE_FOUNDATION,企业基础,部门职责,A02;A03;A07;A08;A09;A10;A11;A12,SYNTHETIC,,,core/KB003_企业基础_部门职责.md,knowledge/core/KB003_企业基础_部门职责.md
KB004,ENTERPRISE_FOUNDATION,企业基础,项目制协作模型,A01;A02;A03;A04;A09;A10;A11;A12,SYNTHETIC,,,core/KB004_企业基础_项目制协作模型.md,knowledge/core/KB004_企业基础_项目制协作模型.md
KB005,ENTERPRISE_FOUNDATION,企业基础,权限审批基本原则,A02;A03;A09;A10;A11;A12,SYNTHETIC,,,core/KB005_企业基础_权限审批基本原则.md,knowledge/core/KB005_企业基础_权限审批基本原则.md
KB006,ENTERPRISE_FOUNDATION,企业基础,知识治理与冲突解析,A03;A05;A06;A10;A11,SYNTHETIC,,,core/KB006_企业基础_知识治理与冲突解析.md,knowledge/core/KB006_企业基础_知识治理与冲突解析.md
KB007,ENTERPRISE_FOUNDATION,信息安全数据治理,数据分类分级,A03;A09;A10;A11;A12,SYNTHETIC,,,core/KB007_企业基础_数据分类分级.md,knowledge/core/KB007_企业基础_数据分类分级.md
KB008,ENTERPRISE_FOUNDATION,企业文档,文档与版本规则,A03;A05;A06;A10;A11,SYNTHETIC,,,core/KB008_企业基础_文档与版本规则.md,knowledge/core/KB008_企业基础_文档与版本规则.md
KB009,ENTERPRISE_FOUNDATION,信息安全数据治理,风险等级规则,A01;A02;A09;A10;A11;A12,SYNTHETIC,,,core/KB009_企业基础_风险等级规则.md,knowledge/core/KB009_企业基础_风险等级规则.md
KB010,ENTERPRISE_FOUNDATION,企业基础,业务术语表,A01;A02;A03;A04;A05;A06;A07;A08;A09;A10;A11;A12,SYNTHETIC,,,core/KB010_企业基础_业务术语表.md,knowledge/core/KB010_企业基础_业务术语表.md
KB011,ENTERPRISE_FOUNDATION,企业基础,企业主业务链,A01;A02;A03;A04;A05;A06;A07;A08;A09;A10;A11;A12,SYNTHETIC,,,core/KB011_企业基础_企业主业务链.md,knowledge/core/KB011_企业基础_企业主业务链.md
KB012,ENTERPRISE_FOUNDATION,企业基础,模拟企业与数据声明,A01;A02;A03;A04;A05;A06;A07;A08;A09;A10;A11;A12,SYNTHETIC,,,core/KB012_企业基础_模拟企业与数据声明.md,knowledge/core/KB012_企业基础_模拟企业与数据声明.md
REF001,PUBLIC_REFERENCE,人力资源,劳动合同相关规则,A07;A08,PUBLIC_OFFICIAL,,,core/REF001_公开依据_劳动合同相关规则.md,knowledge/core/REF001_公开依据_劳动合同相关规则.md
REF002,PUBLIC_REFERENCE,信息安全数据治理,个人信息保护相关规则,A03;A07;A11,PUBLIC_OFFICIAL,,,core/REF002_公开依据_个人信息保护相关规则.md,knowledge/core/REF002_公开依据_个人信息保护相关规则.md
REF003,PUBLIC_REFERENCE,信息安全数据治理,数据安全相关规则,A03;A10;A11;A12,PUBLIC_OFFICIAL,,,core/REF003_公开依据_数据安全相关规则.md,knowledge/core/REF003_公开依据_数据安全相关规则.md
REF004,PUBLIC_REFERENCE,信息安全数据治理,网络安全相关规则,A03;A10;A11,PUBLIC_OFFICIAL,,,core/REF004_公开依据_网络安全相关规则.md,knowledge/core/REF004_公开依据_网络安全相关规则.md
REF005,PUBLIC_REFERENCE,公共法规标准,政府采购基本规则,A09;A10;A11,PUBLIC_OFFICIAL,,,core/REF005_公开依据_政府采购基本规则.md,knowledge/core/REF005_公开依据_政府采购基本规则.md
REF006,PUBLIC_REFERENCE,公共法规标准,招标投标基本规则,A01;A09;A10;A11,PUBLIC_OFFICIAL,,,core/REF006_公开依据_招标投标基本规则.md,knowledge/core/REF006_公开依据_招标投标基本规则.md
REF007,PUBLIC_REFERENCE,公共法规标准,电子招标投标规则,A09;A10,PUBLIC_OFFICIAL,,,core/REF007_公开依据_电子招标投标规则.md,knowledge/core/REF007_公开依据_电子招标投标规则.md
REF008,PUBLIC_REFERENCE,公共法规标准,合同示范与民商事规则,A01;A10;A11,PUBLIC_OFFICIAL,,,core/REF008_公开依据_合同示范与民商事规则.md,knowledge/core/REF008_公开依据_合同示范与民商事规则.md
REF009,PUBLIC_REFERENCE,公共法规标准,档案管理相关规则,A03;A04;A05,PUBLIC_OFFICIAL,,,core/REF009_公开依据_档案管理相关规则.md,knowledge/core/REF009_公开依据_档案管理相关规则.md
REF010,PUBLIC_REFERENCE,公共法规标准,会计与项目成本规则,A02;A12,PUBLIC_OFFICIAL,,,core/REF010_公开依据_会计与项目成本规则.md,knowledge/core/REF010_公开依据_会计与项目成本规则.md
REF011,PUBLIC_REFERENCE,公共法规标准,信息安全管理体系参考,A03;A10;A11,PUBLIC_OFFICIAL,,,core/REF011_公开依据_信息安全管理体系参考.md,knowledge/core/REF011_公开依据_信息安全管理体系参考.md
REF012,PUBLIC_REFERENCE,公共法规标准,项目管理实践参考,A02;A04;A12,PUBLIC_CORPORATE,,,core/REF012_公开依据_项目管理实践参考.md,knowledge/core/REF012_公开依据_项目管理实践参考.md
REF013,PUBLIC_REFERENCE,公共法规标准,采购需求编制参考,A01;A09;A10,PUBLIC_OFFICIAL,,,core/REF013_公开依据_采购需求编制参考.md,knowledge/core/REF013_公开依据_采购需求编制参考.md
REF014,PUBLIC_REFERENCE,公共法规标准,企业内部控制参考,A02;A09;A11;A12,PUBLIC_OFFICIAL,,,core/REF014_公开依据_企业内部控制参考.md,knowledge/core/REF014_公开依据_企业内部控制参考.md
REF015,PUBLIC_REFERENCE,公共企业实践,人力资源管理实践参考,A07;A08,PUBLIC_CORPORATE,,,core/REF015_公开依据_人力资源管理实践参考.md,knowledge/core/REF015_公开依据_人力资源管理实践参考.md
REF016,PUBLIC_REFERENCE,公共企业实践,会议治理实践参考,A02;A04;A05,PUBLIC_CORPORATE,,,core/REF016_公开依据_会议治理实践参考.md,knowledge/core/REF016_公开依据_会议治理实践参考.md
REF017,PUBLIC_REFERENCE,公共企业实践,知识管理实践参考,A03;A05;A06,PUBLIC_CORPORATE,,,core/REF017_公开依据_知识管理实践参考.md,knowledge/core/REF017_公开依据_知识管理实践参考.md
REF018,PUBLIC_REFERENCE,公共案例,公开政企项目案例研究方法,A01;A02;A10;A12,PUBLIC_CASE,,,core/REF018_公开依据_公开政企项目案例研究方法.md,knowledge/core/REF018_公开依据_公开政企项目案例研究方法.md
POL001,POLICY,人力资源,人力资源管理办法,A03;A07;A08,SYNTHETIC_DERIVED,,,core/POL001_企业制度_人力资源管理办法.md,knowledge/core/POL001_企业制度_人力资源管理办法.md
POL002,POLICY,招聘,招聘管理制度,A03;A07;A08,SYNTHETIC_DERIVED,,,core/POL002_企业制度_招聘管理制度.md,knowledge/core/POL002_企业制度_招聘管理制度.md
POL003,POLICY,培训绩效,培训管理制度,A03;A07;A08,SYNTHETIC_DERIVED,,,core/POL003_企业制度_培训管理制度.md,knowledge/core/POL003_企业制度_培训管理制度.md
POL004,POLICY,培训绩效,绩效管理办法,A07;A08;A12,SYNTHETIC_DERIVED,,,core/POL004_企业制度_绩效管理办法.md,knowledge/core/POL004_企业制度_绩效管理办法.md
POL005,POLICY,项目管理,项目管理制度,A01;A02;A03;A12,SYNTHETIC_DERIVED,,,core/POL005_企业制度_项目管理制度.md,knowledge/core/POL005_企业制度_项目管理制度.md
POL006,POLICY,项目管理,项目立项管理办法,A01;A02;A12,SYNTHETIC_DERIVED,,,core/POL006_企业制度_项目立项管理办法.md,knowledge/core/POL006_企业制度_项目立项管理办法.md
POL007,POLICY,项目管理,项目变更管理办法,A02;A10;A11;A12,SYNTHETIC_DERIVED,,,core/POL007_企业制度_项目变更管理办法.md,knowledge/core/POL007_企业制度_项目变更管理办法.md
POL008,POLICY,会议协同,会议管理制度,A02;A03;A04;A05,SYNTHETIC_DERIVED,,,core/POL008_企业制度_会议管理制度.md,knowledge/core/POL008_企业制度_会议管理制度.md
POL009,POLICY,企业文档,文档管理制度,A03;A04;A05;A06,SYNTHETIC_DERIVED,,,core/POL009_企业制度_文档管理制度.md,knowledge/core/POL009_企业制度_文档管理制度.md
POL010,POLICY,公文规范,公文管理办法,A03;A05;A06,SYNTHETIC_DERIVED,,,core/POL010_企业制度_公文管理办法.md,knowledge/core/POL010_企业制度_公文管理办法.md
POL011,POLICY,采购,采购管理制度,A02;A09;A10;A11,SYNTHETIC_DERIVED,,,core/POL011_企业制度_采购管理制度.md,knowledge/core/POL011_企业制度_采购管理制度.md
POL012,POLICY,供应商,供应商管理制度,A09;A10;A11;A12,SYNTHETIC_DERIVED,,,core/POL012_企业制度_供应商管理制度.md,knowledge/core/POL012_企业制度_供应商管理制度.md
POL013,POLICY,招投标,招投标管理制度,A01;A09;A10;A11,SYNTHETIC_DERIVED,,,core/POL013_企业制度_招投标管理制度.md,knowledge/core/POL013_企业制度_招投标管理制度.md
POL014,POLICY,合同履约,合同管理制度,A01;A02;A10;A11,SYNTHETIC_DERIVED,,,core/POL014_企业制度_合同管理制度.md,knowledge/core/POL014_企业制度_合同管理制度.md
POL015,POLICY,财务,预算管理制度,A02;A09;A11;A12,SYNTHETIC_DERIVED,,,core/POL015_企业制度_预算管理制度.md,knowledge/core/POL015_企业制度_预算管理制度.md
POL016,POLICY,财务,项目成本管理制度,A02;A12,SYNTHETIC_DERIVED,,,core/POL016_企业制度_项目成本管理制度.md,knowledge/core/POL016_企业制度_项目成本管理制度.md
POL017,POLICY,信息安全数据治理,信息安全管理制度,A03;A07;A10;A11;A12,SYNTHETIC_DERIVED,,,core/POL017_企业制度_信息安全管理制度.md,knowledge/core/POL017_企业制度_信息安全管理制度.md
POL018,POLICY,信息安全数据治理,知识产权与保密管理制度,A03;A05;A10;A11,SYNTHETIC_DERIVED,,,core/POL018_企业制度_知识产权与保密管理制度.md,knowledge/core/POL018_企业制度_知识产权与保密管理制度.md
SOP001,SOP,项目管理,客户需求澄清流程,A01;A02,INTERNAL_DERIVED,,,core/SOP001_项目管理_客户需求澄清流程.md,knowledge/core/SOP001_项目管理_客户需求澄清流程.md
SOP002,SOP,项目管理,解决方案设计流程,A01;A02;A05,INTERNAL_DERIVED,,,core/SOP002_项目管理_解决方案设计流程.md,knowledge/core/SOP002_项目管理_解决方案设计流程.md
SOP003,SOP,项目管理,项目立项流程,A01;A02;A12,INTERNAL_DERIVED,,,core/SOP003_项目管理_项目立项流程.md,knowledge/core/SOP003_项目管理_项目立项流程.md
SOP004,SOP,项目管理,WBS与里程碑编制流程,A02;A12,INTERNAL_DERIVED,,,core/SOP004_项目管理_WBS与里程碑编制流程.md,knowledge/core/SOP004_项目管理_WBS与里程碑编制流程.md
SOP005,SOP,项目管理,项目资源配置流程,A02;A07;A08,INTERNAL_DERIVED,,,core/SOP005_项目管理_项目资源配置流程.md,knowledge/core/SOP005_项目管理_项目资源配置流程.md
SOP006,SOP,项目管理,项目启动流程,A02;A04,INTERNAL_DERIVED,,,core/SOP006_项目管理_项目启动流程.md,knowledge/core/SOP006_项目管理_项目启动流程.md
SOP007,SOP,项目管理,项目周报与进度管理流程,A02;A04;A12,INTERNAL_DERIVED,,,core/SOP007_项目管理_项目周报与进度管理流程.md,knowledge/core/SOP007_项目管理_项目周报与进度管理流程.md
SOP008,SOP,项目管理,项目风险管理流程,A01;A02;A10;A11;A12,INTERNAL_DERIVED,,,core/SOP008_项目管理_项目风险管理流程.md,knowledge/core/SOP008_项目管理_项目风险管理流程.md
SOP009,SOP,项目管理,项目变更控制流程,A01;A02;A10;A11;A12,INTERNAL_DERIVED,,,core/SOP009_项目管理_项目变更控制流程.md,knowledge/core/SOP009_项目管理_项目变更控制流程.md
SOP010,SOP,项目管理,项目验收流程,A01;A02;A10;A11,INTERNAL_DERIVED,,,core/SOP010_项目管理_项目验收流程.md,knowledge/core/SOP010_项目管理_项目验收流程.md
SOP011,SOP,项目管理,项目结项与复盘流程,A02;A03;A12,INTERNAL_DERIVED,,,core/SOP011_项目管理_项目结项与复盘流程.md,knowledge/core/SOP011_项目管理_项目结项与复盘流程.md
SOP012,SOP,会议协同,会议议程与纪要流程,A02;A04;A05,INTERNAL_DERIVED,,,core/SOP012_会议协同_会议议程与纪要流程.md,knowledge/core/SOP012_会议协同_会议议程与纪要流程.md
SOP013,SOP,企业文档,通知请示报告写作流程,A03;A05;A06,INTERNAL_DERIVED,,,core/SOP013_企业文档_通知请示报告写作流程.md,knowledge/core/SOP013_企业文档_通知请示报告写作流程.md
SOP014,SOP,招聘,招聘需求到录用流程,A07;A08,INTERNAL_DERIVED,,,core/SOP014_招聘_招聘需求到录用流程.md,knowledge/core/SOP014_招聘_招聘需求到录用流程.md
SOP015,SOP,培训绩效,入职培训实施流程,A07;A08,INTERNAL_DERIVED,,,core/SOP015_培训绩效_入职培训实施流程.md,knowledge/core/SOP015_培训绩效_入职培训实施流程.md
SOP016,SOP,采购,采购申请与询价流程,A09;A10;A11,INTERNAL_DERIVED,,,core/SOP016_采购_采购申请与询价流程.md,knowledge/core/SOP016_采购_采购申请与询价流程.md
SOP017,SOP,供应商,供应商比选与准入流程,A09;A10;A11;A12,INTERNAL_DERIVED,,,core/SOP017_供应商_供应商比选与准入流程.md,knowledge/core/SOP017_供应商_供应商比选与准入流程.md
SOP018,SOP,合同履约,合同审核与履约跟踪流程,A02;A10;A11;A12,INTERNAL_DERIVED,,,core/SOP018_合同履约_合同审核与履约跟踪流程.md,knowledge/core/SOP018_合同履约_合同审核与履约跟踪流程.md
SOP019,SOP,知识治理,知识新增与审核流程,A03;A05,INTERNAL_DERIVED,,,core/SOP019_知识治理_知识新增与审核流程.md,knowledge/core/SOP019_知识治理_知识新增与审核流程.md
SOP020,SOP,知识治理,知识版本与冲突处理流程,A03;A06;A11,INTERNAL_DERIVED,,,core/SOP020_知识治理_知识版本与冲突处理流程.md,knowledge/core/SOP020_知识治理_知识版本与冲突处理流程.md
SOP021,SOP,知识治理,知识废止与归档流程,A03;A04;A05,INTERNAL_DERIVED,,,core/SOP021_知识治理_知识废止与归档流程.md,knowledge/core/SOP021_知识治理_知识废止与归档流程.md
SOP022,SOP,公文规范,文档格式检查流程,A05;A06,INTERNAL_DERIVED,,,core/SOP022_公文规范_文档格式检查流程.md,knowledge/core/SOP022_公文规范_文档格式检查流程.md
SOP023,SOP,公文规范,文档排版流程,A05;A06,INTERNAL_DERIVED,,,core/SOP023_公文规范_文档排版流程.md,knowledge/core/SOP023_公文规范_文档排版流程.md
SOP024,SOP,公文规范,格式修复与模板套用流程,A05;A06,INTERNAL_DERIVED,,,core/SOP024_公文规范_格式修复与模板套用流程.md,knowledge/core/SOP024_公文规范_格式修复与模板套用流程.md
SOP025,SOP,培训绩效,绩效目标制定流程,A08;A12,INTERNAL_DERIVED,,,core/SOP025_培训绩效_绩效目标制定流程.md,knowledge/core/SOP025_培训绩效_绩效目标制定流程.md
SOP026,SOP,培训绩效,中期绩效回顾流程,A02;A08,INTERNAL_DERIVED,,,core/SOP026_培训绩效_中期绩效回顾流程.md,knowledge/core/SOP026_培训绩效_中期绩效回顾流程.md
SOP027,SOP,培训绩效,绩效评价与反馈流程,A07;A08;A12,INTERNAL_DERIVED,,,core/SOP027_培训绩效_绩效评价与反馈流程.md,knowledge/core/SOP027_培训绩效_绩效评价与反馈流程.md
SOP028,SOP,培训绩效,绩效改进计划流程,A07;A08,INTERNAL_DERIVED,,,core/SOP028_培训绩效_绩效改进计划流程.md,knowledge/core/SOP028_培训绩效_绩效改进计划流程.md
SOP029,SOP,招投标,招标文件审查流程,A01;A09;A10;A11,INTERNAL_DERIVED,,,core/SOP029_招投标_招标文件审查流程.md,knowledge/core/SOP029_招投标_招标文件审查流程.md
SOP030,SOP,招投标,投标文件审查流程,A01;A10;A11,INTERNAL_DERIVED,,,core/SOP030_招投标_投标文件审查流程.md,knowledge/core/SOP030_招投标_投标文件审查流程.md
FAQ001,FAQ_RULE,人力资源,请假与出勤常见问题,A03;A07;A08,INTERNAL_DERIVED,,,core/FAQ001_人力资源_请假与出勤常见问题.md,knowledge/core/FAQ001_人力资源_请假与出勤常见问题.md
FAQ002,FAQ_RULE,招聘,招聘面试评价常见问题,A07;A08,INTERNAL_DERIVED,,,core/FAQ002_招聘_招聘面试评价常见问题.md,knowledge/core/FAQ002_招聘_招聘面试评价常见问题.md
FAQ003,FAQ_RULE,培训绩效,绩效目标设定常见问题,A07;A08;A12,INTERNAL_DERIVED,,,core/FAQ003_培训绩效_绩效目标设定常见问题.md,knowledge/core/FAQ003_培训绩效_绩效目标设定常见问题.md
FAQ004,FAQ_RULE,项目管理,项目延期处理规则,A02;A10;A11;A12,INTERNAL_DERIVED,,,core/FAQ004_项目管理_项目延期处理规则.md,knowledge/core/FAQ004_项目管理_项目延期处理规则.md
FAQ005,FAQ_RULE,会议协同,会议决策与待办常见问题,A02;A04;A05,INTERNAL_DERIVED,,,core/FAQ005_会议协同_会议决策与待办常见问题.md,knowledge/core/FAQ005_会议协同_会议决策与待办常见问题.md
FAQ006,FAQ_RULE,公文规范,公文格式快速检查规则,A05;A06,INTERNAL_DERIVED,,,core/FAQ006_公文规范_公文格式快速检查规则.md,knowledge/core/FAQ006_公文规范_公文格式快速检查规则.md
FAQ007,FAQ_RULE,采购,采购阈值适用问答,A09;A10;A11;A12,INTERNAL_DERIVED,,,core/FAQ007_采购_采购阈值适用问答.md,knowledge/core/FAQ007_采购_采购阈值适用问答.md
FAQ008,FAQ_RULE,供应商,供应商准入问答,A09;A10;A11,INTERNAL_DERIVED,,,core/FAQ008_供应商_供应商准入问答.md,knowledge/core/FAQ008_供应商_供应商准入问答.md
FAQ009,FAQ_RULE,招投标,招投标完整性资格商务技术评分与风险检查规则,A01;A10;A11,INTERNAL_DERIVED,,,core/FAQ009_招投标_招投标完整性资格商务技术评分与风险检查规则.md,knowledge/core/FAQ009_招投标_招投标完整性资格商务技术评分与风险检查规则.md
FAQ010,FAQ_RULE,合同履约,合同付款条件检查规则,A10;A11;A12,INTERNAL_DERIVED,,,core/FAQ010_合同履约_合同付款条件检查规则.md,knowledge/core/FAQ010_合同履约_合同付款条件检查规则.md
FAQ011,FAQ_RULE,经营分析,项目成本偏差问答,A02;A11;A12,INTERNAL_DERIVED,,,core/FAQ011_经营分析_项目成本偏差问答.md,knowledge/core/FAQ011_经营分析_项目成本偏差问答.md
FAQ012,FAQ_RULE,信息安全数据治理,敏感数据使用问答,A03;A10;A11;A12,INTERNAL_DERIVED,,,core/FAQ012_信息安全数据治理_敏感数据使用问答.md,knowledge/core/FAQ012_信息安全数据治理_敏感数据使用问答.md
ROLE001,ROLE,项目管理,项目经理,A02,SYNTHETIC_DERIVED,,,core/ROLE001_项目管理_项目经理.md,knowledge/core/ROLE001_项目管理_项目经理.md
ROLE002,ROLE,项目管理,解决方案顾问,A01,SYNTHETIC_DERIVED,,,core/ROLE002_项目管理_解决方案顾问.md,knowledge/core/ROLE002_项目管理_解决方案顾问.md
ROLE003,ROLE,企业基础,产品经理,A01;A02,SYNTHETIC_DERIVED,,,core/ROLE003_企业基础_产品经理.md,knowledge/core/ROLE003_企业基础_产品经理.md
ROLE004,ROLE,信息安全数据治理,技术与算法工程师,A01;A02;A11,SYNTHETIC_DERIVED,,,core/ROLE004_信息安全数据治理_技术与算法工程师.md,knowledge/core/ROLE004_信息安全数据治理_技术与算法工程师.md
ROLE005,ROLE,采购,采购专员,A09,SYNTHETIC_DERIVED,,,core/ROLE005_采购_采购专员.md,knowledge/core/ROLE005_采购_采购专员.md
ROLE006,ROLE,招聘,HRBP与招聘专员,A07;A08,SYNTHETIC_DERIVED,,,core/ROLE006_招聘_HRBP与招聘专员.md,knowledge/core/ROLE006_招聘_HRBP与招聘专员.md
ROLE007,ROLE,财务,财务经理,A02;A12,SYNTHETIC_DERIVED,,,core/ROLE007_财务_财务经理.md,knowledge/core/ROLE007_财务_财务经理.md
ROLE008,ROLE,合同履约,法务风控经理,A10;A11,SYNTHETIC_DERIVED,,,core/ROLE008_合同履约_法务风控经理.md,knowledge/core/ROLE008_合同履约_法务风控经理.md
ROLE009,ROLE,会议协同,综合行政专员,A03;A04;A05;A06,SYNTHETIC_DERIVED,,,core/ROLE009_会议协同_综合行政专员.md,knowledge/core/ROLE009_会议协同_综合行政专员.md
ROLE010,ROLE,项目管理,项目成员,A02;A04;A12,SYNTHETIC_DERIVED,,,core/ROLE010_项目管理_项目成员.md,knowledge/core/ROLE010_项目管理_项目成员.md
P001_01,PROJECT_CASE,项目管理,智慧园区 AI 数字人服务平台-客户需求说明,A01;A02;A03;A04;A05;A06;A07;A08;A09;A10;A11;A12,SYNTHETIC,P001,FULL_HISTORY,cases/P001_01_客户需求说明.md,knowledge/cases/P001_01_客户需求说明.md
P001_02,PROJECT_CASE,项目管理,智慧园区 AI 数字人服务平台-需求调研记录,A01;A02;A03;A04;A10;A11;A12,SYNTHETIC,P001,FULL_HISTORY,cases/P001_02_需求调研记录.md,knowledge/cases/P001_02_需求调研记录.md
P001_03,PROJECT_CASE,项目管理,智慧园区 AI 数字人服务平台-需求分析报告,A01;A02;A10;A11;A12,SYNTHETIC,P001,FULL_HISTORY,cases/P001_03_需求分析报告.md,knowledge/cases/P001_03_需求分析报告.md
P001_04,PROJECT_CASE,项目管理,智慧园区 AI 数字人服务平台-解决方案,A01;A02;A05;A10;A11,SYNTHETIC,P001,FULL_HISTORY,cases/P001_04_解决方案.md,knowledge/cases/P001_04_解决方案.md
P001_05,PROJECT_CASE,财务,智慧园区 AI 数字人服务平台-报价说明,A01;A02;A09;A12,SYNTHETIC,P001,FULL_HISTORY,cases/P001_05_报价说明.md,knowledge/cases/P001_05_报价说明.md
P001_06,PROJECT_CASE,项目管理,智慧园区 AI 数字人服务平台-项目立项申请,A02;A03;A12,SYNTHETIC,P001,FULL_HISTORY,cases/P001_06_项目立项申请.md,knowledge/cases/P001_06_项目立项申请.md
P001_07,PROJECT_CASE,项目管理,智慧园区 AI 数字人服务平台-WBS与里程碑计划,A02;A12,SYNTHETIC,P001,FULL_HISTORY,cases/P001_07_WBS与里程碑计划.md,knowledge/cases/P001_07_WBS与里程碑计划.md
P001_08,PROJECT_CASE,会议协同,智慧园区 AI 数字人服务平台-项目启动会材料,A02;A04;A05,SYNTHETIC,P001,FULL_HISTORY,cases/P001_08_项目启动会材料.md,knowledge/cases/P001_08_项目启动会材料.md
P001_09,PROJECT_CASE,项目管理,智慧园区 AI 数字人服务平台-人员配置计划,A02;A07;A08,SYNTHETIC,P001,FULL_HISTORY,cases/P001_09_人员配置计划.md,knowledge/cases/P001_09_人员配置计划.md
P001_10,PROJECT_CASE,招聘,智慧园区 AI 数字人服务平台-招聘需求,A07;A08,SYNTHETIC,P001,FULL_HISTORY,cases/P001_10_招聘需求.md,knowledge/cases/P001_10_招聘需求.md
P001_11,PROJECT_CASE,采购,智慧园区 AI 数字人服务平台-采购申请,A09;A10;A11,SYNTHETIC,P001,FULL_HISTORY,cases/P001_11_采购申请.md,knowledge/cases/P001_11_采购申请.md
P001_12,PROJECT_CASE,采购,智慧园区 AI 数字人服务平台-采购需求规格,A09;A10,SYNTHETIC,P001,FULL_HISTORY,cases/P001_12_采购需求规格.md,knowledge/cases/P001_12_采购需求规格.md
P001_13,PROJECT_CASE,供应商,智慧园区 AI 数字人服务平台-供应商比选记录,A09;A10;A11;A12,SYNTHETIC,P001,FULL_HISTORY,cases/P001_13_供应商比选记录.md,knowledge/cases/P001_13_供应商比选记录.md
P001_14,PROJECT_CASE,招投标,智慧园区 AI 数字人服务平台-招投标材料与审查计划,A01;A09;A10;A11,SYNTHETIC,P001,FULL_HISTORY,cases/P001_14_招投标材料与审查计划.md,knowledge/cases/P001_14_招投标材料与审查计划.md
P001_15,PROJECT_CASE,合同履约,智慧园区 AI 数字人服务平台-合同审核意见,A10;A11,SYNTHETIC,P001,FULL_HISTORY,cases/P001_15_合同审核意见.md,knowledge/cases/P001_15_合同审核意见.md
P001_16,PROJECT_CASE,合同履约,智慧园区 AI 数字人服务平台-项目合同摘要,A10;A11;A12,SYNTHETIC,P001,FULL_HISTORY,cases/P001_16_项目合同摘要.md,knowledge/cases/P001_16_项目合同摘要.md
P001_17,PROJECT_CASE,项目管理,智慧园区 AI 数字人服务平台-项目周报汇总,A02;A04;A12,SYNTHETIC,P001,FULL_HISTORY,cases/P001_17_项目周报汇总.md,knowledge/cases/P001_17_项目周报汇总.md
P001_18,PROJECT_CASE,项目管理,智慧园区 AI 数字人服务平台-风险台账,A02;A10;A11;A12,SYNTHETIC,P001,FULL_HISTORY,cases/P001_18_风险台账.md,knowledge/cases/P001_18_风险台账.md
P001_19,PROJECT_CASE,项目管理,智慧园区 AI 数字人服务平台-变更记录,A01;A02;A10;A11,SYNTHETIC,P001,FULL_HISTORY,cases/P001_19_变更记录.md,knowledge/cases/P001_19_变更记录.md
P001_20,PROJECT_CASE,项目管理,智慧园区 AI 数字人服务平台-验收方案,A01;A02;A10;A11,SYNTHETIC,P001,FULL_HISTORY,cases/P001_20_验收方案.md,knowledge/cases/P001_20_验收方案.md
P001_21,PROJECT_CASE,项目管理,智慧园区 AI 数字人服务平台-验收报告,A01;A02;A10;A11;A12,SYNTHETIC,P001,FULL_HISTORY,cases/P001_21_验收报告.md,knowledge/cases/P001_21_验收报告.md
P001_22,PROJECT_CASE,项目管理,智慧园区 AI 数字人服务平台-结项报告,A02;A03;A12,SYNTHETIC,P001,FULL_HISTORY,cases/P001_22_结项报告.md,knowledge/cases/P001_22_结项报告.md
P001_23,PROJECT_CASE,经营分析,智慧园区 AI 数字人服务平台-项目经营复盘,A02;A11;A12,SYNTHETIC,P001,FULL_HISTORY,cases/P001_23_项目经营复盘.md,knowledge/cases/P001_23_项目经营复盘.md
P001_24,PROJECT_CASE,知识治理,智慧园区 AI 数字人服务平台-知识沉淀清单,A01;A02;A03;A04;A05;A06;A07;A08;A09;A10;A11;A12,SYNTHETIC,P001,FULL_HISTORY,cases/P001_24_知识沉淀清单.md,knowledge/cases/P001_24_知识沉淀清单.md
P001_25,PROJECT_CASE,招投标,智慧园区 AI 数字人服务平台-招标文件关键条款,A01;A09;A10;A11,SYNTHETIC_DERIVED,P001,FULL_HISTORY,cases/P001_25_招标文件关键条款.md,knowledge/cases/P001_25_招标文件关键条款.md
P001_26,PROJECT_CASE,招投标,智慧园区 AI 数字人服务平台-招标文件审查记录,A01;A09;A10;A11,SYNTHETIC_DERIVED,P001,FULL_HISTORY,cases/P001_26_招标文件审查记录.md,knowledge/cases/P001_26_招标文件审查记录.md
P001_27,PROJECT_CASE,招投标,智慧园区 AI 数字人服务平台-投标文件响应材料,A01;A09;A10;A11,SYNTHETIC,P001,FULL_HISTORY,cases/P001_27_投标文件响应材料.md,knowledge/cases/P001_27_投标文件响应材料.md
P001_28,PROJECT_CASE,招投标,智慧园区 AI 数字人服务平台-资格材料,A01;A09;A10;A11,SYNTHETIC,P001,FULL_HISTORY,cases/P001_28_资格材料.md,knowledge/cases/P001_28_资格材料.md
P001_29,PROJECT_CASE,招投标,智慧园区 AI 数字人服务平台-商务响应表,A01;A09;A10;A11,SYNTHETIC,P001,FULL_HISTORY,cases/P001_29_商务响应表.md,knowledge/cases/P001_29_商务响应表.md
P001_30,PROJECT_CASE,招投标,智慧园区 AI 数字人服务平台-技术参数响应表,A01;A09;A10;A11,SYNTHETIC,P001,FULL_HISTORY,cases/P001_30_技术参数响应表.md,knowledge/cases/P001_30_技术参数响应表.md
P001_31,PROJECT_CASE,招投标,智慧园区 AI 数字人服务平台-评分响应材料,A01;A09;A10;A11,SYNTHETIC,P001,FULL_HISTORY,cases/P001_31_评分响应材料.md,knowledge/cases/P001_31_评分响应材料.md
P001_32,PROJECT_CASE,招投标,智慧园区 AI 数字人服务平台-AI审核问题清单,A01;A09;A10;A11,SYNTHETIC,P001,FULL_HISTORY,cases/P001_32_AI审核问题清单.md,knowledge/cases/P001_32_AI审核问题清单.md
P001_33,PROJECT_CASE,招投标,智慧园区 AI 数字人服务平台-人工复核与审核结论,A01;A09;A10;A11,SYNTHETIC,P001,FULL_HISTORY,cases/P001_33_人工复核与审核结论.md,knowledge/cases/P001_33_人工复核与审核结论.md
P002_01,PROJECT_CASE,项目管理,银行企业知识助手项目-客户需求说明,A01;A02;A03;A04;A05;A06;A07;A08;A09;A10;A11;A12,SYNTHETIC,P002,FULL_HISTORY,cases/P002_01_客户需求说明.md,knowledge/cases/P002_01_客户需求说明.md
P002_02,PROJECT_CASE,项目管理,银行企业知识助手项目-需求调研记录,A01;A02;A03;A04;A10;A11;A12,SYNTHETIC,P002,FULL_HISTORY,cases/P002_02_需求调研记录.md,knowledge/cases/P002_02_需求调研记录.md
P002_03,PROJECT_CASE,项目管理,银行企业知识助手项目-需求分析报告,A01;A02;A10;A11;A12,SYNTHETIC,P002,FULL_HISTORY,cases/P002_03_需求分析报告.md,knowledge/cases/P002_03_需求分析报告.md
P002_04,PROJECT_CASE,项目管理,银行企业知识助手项目-解决方案,A01;A02;A05;A10;A11,SYNTHETIC_DERIVED,P002,FULL_HISTORY,cases/P002_04_解决方案.md,knowledge/cases/P002_04_解决方案.md
P002_05,PROJECT_CASE,财务,银行企业知识助手项目-报价说明,A01;A02;A09;A12,SYNTHETIC,P002,FULL_HISTORY,cases/P002_05_报价说明.md,knowledge/cases/P002_05_报价说明.md
P002_06,PROJECT_CASE,项目管理,银行企业知识助手项目-项目立项申请,A02;A03;A12,SYNTHETIC,P002,FULL_HISTORY,cases/P002_06_项目立项申请.md,knowledge/cases/P002_06_项目立项申请.md
P002_07,PROJECT_CASE,项目管理,银行企业知识助手项目-WBS与里程碑计划,A02;A12,SYNTHETIC,P002,FULL_HISTORY,cases/P002_07_WBS与里程碑计划.md,knowledge/cases/P002_07_WBS与里程碑计划.md
P002_08,PROJECT_CASE,会议协同,银行企业知识助手项目-项目启动会材料,A02;A04;A05,SYNTHETIC,P002,FULL_HISTORY,cases/P002_08_项目启动会材料.md,knowledge/cases/P002_08_项目启动会材料.md
P002_09,PROJECT_CASE,项目管理,银行企业知识助手项目-人员配置计划,A02;A07;A08,SYNTHETIC,P002,FULL_HISTORY,cases/P002_09_人员配置计划.md,knowledge/cases/P002_09_人员配置计划.md
P002_10,PROJECT_CASE,招聘,银行企业知识助手项目-招聘需求,A07;A08,SYNTHETIC,P002,FULL_HISTORY,cases/P002_10_招聘需求.md,knowledge/cases/P002_10_招聘需求.md
P002_11,PROJECT_CASE,采购,银行企业知识助手项目-采购申请,A09;A10;A11,SYNTHETIC,P002,FULL_HISTORY,cases/P002_11_采购申请.md,knowledge/cases/P002_11_采购申请.md
P002_12,PROJECT_CASE,采购,银行企业知识助手项目-采购需求规格,A09;A10,SYNTHETIC,P002,FULL_HISTORY,cases/P002_12_采购需求规格.md,knowledge/cases/P002_12_采购需求规格.md
P002_13,PROJECT_CASE,供应商,银行企业知识助手项目-供应商比选记录,A09;A10;A11;A12,SYNTHETIC,P002,FULL_HISTORY,cases/P002_13_供应商比选记录.md,knowledge/cases/P002_13_供应商比选记录.md
P002_14,PROJECT_CASE,招投标,银行企业知识助手项目-招投标材料与审查计划,A01;A09;A10;A11,SYNTHETIC,P002,FULL_HISTORY,cases/P002_14_招投标材料与审查计划.md,knowledge/cases/P002_14_招投标材料与审查计划.md
P002_15,PROJECT_CASE,合同履约,银行企业知识助手项目-合同审核意见,A10;A11,SYNTHETIC,P002,FULL_HISTORY,cases/P002_15_合同审核意见.md,knowledge/cases/P002_15_合同审核意见.md
P002_16,PROJECT_CASE,合同履约,银行企业知识助手项目-项目合同摘要,A10;A11;A12,SYNTHETIC,P002,FULL_HISTORY,cases/P002_16_项目合同摘要.md,knowledge/cases/P002_16_项目合同摘要.md
P002_17,PROJECT_CASE,项目管理,银行企业知识助手项目-项目周报汇总,A02;A04;A12,SYNTHETIC,P002,FULL_HISTORY,cases/P002_17_项目周报汇总.md,knowledge/cases/P002_17_项目周报汇总.md
P002_18,PROJECT_CASE,项目管理,银行企业知识助手项目-风险台账,A02;A10;A11;A12,SYNTHETIC,P002,FULL_HISTORY,cases/P002_18_风险台账.md,knowledge/cases/P002_18_风险台账.md
P002_19,PROJECT_CASE,项目管理,银行企业知识助手项目-变更记录,A01;A02;A10;A11,SYNTHETIC,P002,FULL_HISTORY,cases/P002_19_变更记录.md,knowledge/cases/P002_19_变更记录.md
P002_20,PROJECT_CASE,项目管理,银行企业知识助手项目-验收方案,A01;A02;A10;A11,SYNTHETIC,P002,FULL_HISTORY,cases/P002_20_验收方案.md,knowledge/cases/P002_20_验收方案.md
P002_21,PROJECT_CASE,项目管理,银行企业知识助手项目-验收报告,A01;A02;A10;A11;A12,SYNTHETIC,P002,FULL_HISTORY,cases/P002_21_验收报告.md,knowledge/cases/P002_21_验收报告.md
P002_22,PROJECT_CASE,项目管理,银行企业知识助手项目-结项报告,A02;A03;A12,SYNTHETIC,P002,FULL_HISTORY,cases/P002_22_结项报告.md,knowledge/cases/P002_22_结项报告.md
P002_23,PROJECT_CASE,经营分析,银行企业知识助手项目-项目经营复盘,A02;A11;A12,SYNTHETIC,P002,FULL_HISTORY,cases/P002_23_项目经营复盘.md,knowledge/cases/P002_23_项目经营复盘.md
P002_24,PROJECT_CASE,知识治理,银行企业知识助手项目-知识沉淀清单,A01;A02;A03;A04;A05;A06;A07;A08;A09;A10;A11;A12,SYNTHETIC,P002,FULL_HISTORY,cases/P002_24_知识沉淀清单.md,knowledge/cases/P002_24_知识沉淀清单.md
P002_25,PROJECT_CASE,项目管理,银行企业知识助手项目-需求变更申请,A01;A02;A03;A10;A11;A12,SYNTHETIC,P002,FULL_HISTORY,cases/P002_25_需求变更申请.md,knowledge/cases/P002_25_需求变更申请.md
P002_26,PROJECT_CASE,项目管理,银行企业知识助手项目-项目延期风险升级记录,A01;A02;A03;A10;A11;A12,SYNTHETIC,P002,FULL_HISTORY,cases/P002_26_项目延期风险升级记录.md,knowledge/cases/P002_26_项目延期风险升级记录.md
P002_27,PROJECT_CASE,知识治理,银行企业知识助手项目-延期原因链与知识版本冲突处理,A01;A02;A03;A10;A11;A12,SYNTHETIC,P002,FULL_HISTORY,cases/P002_27_知识版本冲突处理记录.md,knowledge/cases/P002_27_知识版本冲突处理记录.md
P002_28,PROJECT_CASE,项目管理,银行企业知识助手项目-人员不足资源申请,A01;A02;A03;A10;A11;A12,SYNTHETIC,P002,FULL_HISTORY,cases/P002_28_人员不足资源申请.md,knowledge/cases/P002_28_人员不足资源申请.md
P002_29,PROJECT_CASE,经营分析,银行企业知识助手项目-成本超支预警,A01;A02;A03;A10;A11;A12,SYNTHETIC,P002,FULL_HISTORY,cases/P002_29_成本超支预警.md,knowledge/cases/P002_29_成本超支预警.md
P002_30,PROJECT_CASE,合同履约,银行企业知识助手项目-合同付款争议记录,A01;A02;A03;A10;A11;A12,SYNTHETIC,P002,FULL_HISTORY,cases/P002_30_合同付款争议记录.md,knowledge/cases/P002_30_合同付款争议记录.md
P002_31,PROJECT_CASE,会议协同,银行企业知识助手项目-项目纠偏会议纪要,A01;A02;A03;A10;A11;A12,SYNTHETIC,P002,FULL_HISTORY,cases/P002_31_项目纠偏会议纪要.md,knowledge/cases/P002_31_项目纠偏会议纪要.md
P003_01,PROJECT_CASE,项目管理,电力 AI 智能巡检平台-客户需求说明,A01;A02;A03;A04;A05;A06;A07;A08;A09;A10;A11;A12,SYNTHETIC,P003,FULL_HISTORY,cases/P003_01_客户需求说明.md,knowledge/cases/P003_01_客户需求说明.md
P003_02,PROJECT_CASE,项目管理,电力 AI 智能巡检平台-需求调研记录,A01;A02;A03;A04;A10;A11;A12,SYNTHETIC,P003,FULL_HISTORY,cases/P003_02_需求调研记录.md,knowledge/cases/P003_02_需求调研记录.md
P003_03,PROJECT_CASE,项目管理,电力 AI 智能巡检平台-需求分析报告,A01;A02;A10;A11;A12,SYNTHETIC,P003,FULL_HISTORY,cases/P003_03_需求分析报告.md,knowledge/cases/P003_03_需求分析报告.md
P003_04,PROJECT_CASE,项目管理,电力 AI 智能巡检平台-解决方案,A01;A02;A05;A10;A11,SYNTHETIC_DERIVED,P003,FULL_HISTORY,cases/P003_04_解决方案.md,knowledge/cases/P003_04_解决方案.md
P003_05,PROJECT_CASE,财务,电力 AI 智能巡检平台-报价说明,A01;A02;A09;A12,SYNTHETIC,P003,FULL_HISTORY,cases/P003_05_报价说明.md,knowledge/cases/P003_05_报价说明.md
P003_06,PROJECT_CASE,项目管理,电力 AI 智能巡检平台-项目立项申请,A02;A03;A12,SYNTHETIC,P003,FULL_HISTORY,cases/P003_06_项目立项申请.md,knowledge/cases/P003_06_项目立项申请.md
P003_07,PROJECT_CASE,项目管理,电力 AI 智能巡检平台-WBS与里程碑计划,A02;A12,SYNTHETIC,P003,FULL_HISTORY,cases/P003_07_WBS与里程碑计划.md,knowledge/cases/P003_07_WBS与里程碑计划.md
P003_08,PROJECT_CASE,会议协同,电力 AI 智能巡检平台-项目启动会材料,A02;A04;A05,SYNTHETIC,P003,FULL_HISTORY,cases/P003_08_项目启动会材料.md,knowledge/cases/P003_08_项目启动会材料.md
P003_09,PROJECT_CASE,项目管理,电力 AI 智能巡检平台-人员配置计划,A02;A07;A08,SYNTHETIC,P003,FULL_HISTORY,cases/P003_09_人员配置计划.md,knowledge/cases/P003_09_人员配置计划.md
P003_10,PROJECT_CASE,招聘,电力 AI 智能巡检平台-招聘需求,A07;A08,SYNTHETIC,P003,FULL_HISTORY,cases/P003_10_招聘需求.md,knowledge/cases/P003_10_招聘需求.md
P003_11,PROJECT_CASE,采购,电力 AI 智能巡检平台-采购申请,A09;A10;A11,SYNTHETIC,P003,FULL_HISTORY,cases/P003_11_采购申请.md,knowledge/cases/P003_11_采购申请.md
P003_12,PROJECT_CASE,采购,电力 AI 智能巡检平台-采购需求规格,A09;A10,SYNTHETIC,P003,FULL_HISTORY,cases/P003_12_采购需求规格.md,knowledge/cases/P003_12_采购需求规格.md
P003_13,PROJECT_CASE,供应商,电力 AI 智能巡检平台-供应商比选记录,A09;A10;A11;A12,SYNTHETIC,P003,FULL_HISTORY,cases/P003_13_供应商比选记录.md,knowledge/cases/P003_13_供应商比选记录.md
P003_14,PROJECT_CASE,招投标,电力 AI 智能巡检平台-招投标材料与审查计划,A01;A09;A10;A11,SYNTHETIC,P003,FULL_HISTORY,cases/P003_14_招投标材料与审查计划.md,knowledge/cases/P003_14_招投标材料与审查计划.md
P003_15,PROJECT_CASE,合同履约,电力 AI 智能巡检平台-合同审核意见,A10;A11,SYNTHETIC,P003,FULL_HISTORY,cases/P003_15_合同审核意见.md,knowledge/cases/P003_15_合同审核意见.md
P003_16,PROJECT_CASE,合同履约,电力 AI 智能巡检平台-项目合同摘要,A10;A11;A12,SYNTHETIC,P003,FULL_HISTORY,cases/P003_16_项目合同摘要.md,knowledge/cases/P003_16_项目合同摘要.md
P003_17,PROJECT_CASE,项目管理,电力 AI 智能巡检平台-项目周报汇总,A02;A04;A12,SYNTHETIC,P003,FULL_HISTORY,cases/P003_17_项目周报汇总.md,knowledge/cases/P003_17_项目周报汇总.md
P003_18,PROJECT_CASE,项目管理,电力 AI 智能巡检平台-风险台账,A02;A10;A11;A12,SYNTHETIC,P003,FULL_HISTORY,cases/P003_18_风险台账.md,knowledge/cases/P003_18_风险台账.md
P003_19,PROJECT_CASE,项目管理,电力 AI 智能巡检平台-变更记录,A01;A02;A10;A11,SYNTHETIC,P003,FULL_HISTORY,cases/P003_19_变更记录.md,knowledge/cases/P003_19_变更记录.md
P003_20,PROJECT_CASE,项目管理,电力 AI 智能巡检平台-验收方案,A01;A02;A10;A11,SYNTHETIC,P003,FULL_HISTORY,cases/P003_20_验收方案.md,knowledge/cases/P003_20_验收方案.md
P003_21,PROJECT_CASE,项目管理,电力 AI 智能巡检平台-验收报告,A01;A02;A10;A11;A12,SYNTHETIC,P003,FULL_HISTORY,cases/P003_21_验收报告.md,knowledge/cases/P003_21_验收报告.md
P003_22,PROJECT_CASE,项目管理,电力 AI 智能巡检平台-结项报告,A02;A03;A12,SYNTHETIC,P003,FULL_HISTORY,cases/P003_22_结项报告.md,knowledge/cases/P003_22_结项报告.md
P003_23,PROJECT_CASE,经营分析,电力 AI 智能巡检平台-项目经营复盘,A02;A11;A12,SYNTHETIC,P003,FULL_HISTORY,cases/P003_23_项目经营复盘.md,knowledge/cases/P003_23_项目经营复盘.md
P003_24,PROJECT_CASE,知识治理,电力 AI 智能巡检平台-知识沉淀清单,A01;A02;A03;A04;A05;A06;A07;A08;A09;A10;A11;A12,SYNTHETIC,P003,FULL_HISTORY,cases/P003_24_知识沉淀清单.md,knowledge/cases/P003_24_知识沉淀清单.md
P003_25,PROJECT_CASE,采购,电力 AI 智能巡检平台-GPU采购技术规格,A02;A03;A09;A10;A11;A12,SYNTHETIC_DERIVED,P003,FULL_HISTORY,cases/P003_25_GPU采购技术规格.md,knowledge/cases/P003_25_GPU采购技术规格.md
P003_26,PROJECT_CASE,项目管理,电力 AI 智能巡检平台-算法指标专项评审,A02;A03;A09;A10;A11;A12,SYNTHETIC,P003,FULL_HISTORY,cases/P003_26_算法指标专项评审.md,knowledge/cases/P003_26_算法指标专项评审.md
P003_27,PROJECT_CASE,信息安全数据治理,电力 AI 智能巡检平台-数据安全评审,A02;A03;A09;A10;A11;A12,SYNTHETIC,P003,FULL_HISTORY,cases/P003_27_数据安全评审.md,knowledge/cases/P003_27_数据安全评审.md
P003_28,PROJECT_CASE,信息安全数据治理,电力 AI 智能巡检平台-视频数据治理说明,A02;A03;A09;A10;A11;A12,SYNTHETIC,P003,FULL_HISTORY,cases/P003_28_视频数据治理说明.md,knowledge/cases/P003_28_视频数据治理说明.md
P003_29,PROJECT_CASE,项目管理,电力 AI 智能巡检平台-技术方案变更评审,A02;A03;A09;A10;A11;A12,SYNTHETIC,P003,FULL_HISTORY,cases/P003_29_技术方案变更评审.md,knowledge/cases/P003_29_技术方案变更评审.md
P003_30,PROJECT_CASE,项目管理,电力 AI 智能巡检平台-验收指标争议纪要,A02;A03;A09;A10;A11;A12,SYNTHETIC,P003,FULL_HISTORY,cases/P003_30_验收指标争议纪要.md,knowledge/cases/P003_30_验收指标争议纪要.md
P003_31,PROJECT_CASE,项目管理,电力 AI 智能巡检平台-算法测试专项报告,A02;A03;A09;A10;A11;A12,SYNTHETIC,P003,FULL_HISTORY,cases/P003_31_算法测试专项报告.md,knowledge/cases/P003_31_算法测试专项报告.md
CASE001,PROJECT_CASE,项目管理,需求变更与基线控制复盘,A01;A02;A10;A11;A12,SYNTHETIC_DERIVED,CROSS_PROJECT,FULL_HISTORY,cases/CASE001_历史项目案例_需求变更与基线控制复盘.md,knowledge/cases/CASE001_历史项目案例_需求变更与基线控制复盘.md
CASE002,PROJECT_CASE,经营分析,P002 银行企业知识助手项目负毛利异常原因与采购合同成本联动复盘,A02;A09;A11;A12,SYNTHETIC_DERIVED,CROSS_PROJECT,FULL_HISTORY,cases/CASE002_历史项目案例_采购合同与成本联动复盘.md,knowledge/cases/CASE002_历史项目案例_采购合同与成本联动复盘.md
CASE003,PROJECT_CASE,项目管理,验收指标与知识沉淀复盘,A01;A02;A03;A10;A11;A12,SYNTHETIC_DERIVED,CROSS_PROJECT,FULL_HISTORY,cases/CASE003_历史项目案例_验收指标与知识沉淀复盘.md,knowledge/cases/CASE003_历史项目案例_验收指标与知识沉淀复盘.md
CASE004,PROJECT_CASE,公文规范,文档格式与排版正反案例,A05;A06,SYNTHETIC_DERIVED,CROSS_PROJECT,FULL_HISTORY,cases/CASE004_历史项目案例_文档格式与排版正反案例.md,knowledge/cases/CASE004_历史项目案例_文档格式与排版正反案例.md
TPL001,TEMPLATE,项目管理,项目立项模板,A01;A02,INTERNAL_DERIVED,,,templates/TPL001_项目管理_项目立项模板.md,knowledge/templates/TPL001_项目管理_项目立项模板.md
TPL002,TEMPLATE,项目管理,需求调研模板,A01;A02,INTERNAL_DERIVED,,,templates/TPL002_项目管理_需求调研模板.md,knowledge/templates/TPL002_项目管理_需求调研模板.md
TPL003,TEMPLATE,企业文档,解决方案模板,A01;A05,INTERNAL_DERIVED,,,templates/TPL003_企业文档_解决方案模板.md,knowledge/templates/TPL003_企业文档_解决方案模板.md
TPL004,TEMPLATE,项目管理,WBS计划模板,A02,INTERNAL_DERIVED,,,templates/TPL004_项目管理_WBS计划模板.md,knowledge/templates/TPL004_项目管理_WBS计划模板.md
TPL005,TEMPLATE,项目管理,项目周报模板,A02;A04,INTERNAL_DERIVED,,,templates/TPL005_项目管理_项目周报模板.md,knowledge/templates/TPL005_项目管理_项目周报模板.md
TPL006,TEMPLATE,项目管理,项目风险台账模板,A02;A10;A11,INTERNAL_DERIVED,,,templates/TPL006_项目管理_项目风险台账模板.md,knowledge/templates/TPL006_项目管理_项目风险台账模板.md
TPL007,TEMPLATE,项目管理,项目变更单模板,A02;A10;A11,INTERNAL_DERIVED,,,templates/TPL007_项目管理_项目变更单模板.md,knowledge/templates/TPL007_项目管理_项目变更单模板.md
TPL008,TEMPLATE,项目管理,验收方案模板,A01;A02;A10;A11,INTERNAL_DERIVED,,,templates/TPL008_项目管理_验收方案模板.md,knowledge/templates/TPL008_项目管理_验收方案模板.md
TPL009,TEMPLATE,会议协同,会议议程模板,A02;A04;A05,INTERNAL_DERIVED,,,templates/TPL009_会议协同_会议议程模板.md,knowledge/templates/TPL009_会议协同_会议议程模板.md
TPL010,TEMPLATE,会议协同,会议纪要模板,A02;A04;A05,INTERNAL_DERIVED,,,templates/TPL010_会议协同_会议纪要模板.md,knowledge/templates/TPL010_会议协同_会议纪要模板.md
TPL011,TEMPLATE,会议协同,决策与待办清单模板,A02;A04,INTERNAL_DERIVED,,,templates/TPL011_会议协同_决策与待办清单模板.md,knowledge/templates/TPL011_会议协同_决策与待办清单模板.md
TPL012,TEMPLATE,公文规范,通知模板,A05;A06,INTERNAL_DERIVED,,,templates/TPL012_公文规范_通知模板.md,knowledge/templates/TPL012_公文规范_通知模板.md
TPL013,TEMPLATE,公文规范,请示模板,A05;A06,INTERNAL_DERIVED,,,templates/TPL013_公文规范_请示模板.md,knowledge/templates/TPL013_公文规范_请示模板.md
TPL014,TEMPLATE,企业文档,工作报告模板,A05;A06;A12,INTERNAL_DERIVED,,,templates/TPL014_企业文档_工作报告模板.md,knowledge/templates/TPL014_企业文档_工作报告模板.md
TPL015,TEMPLATE,招聘,岗位JD模板,A07;A08,INTERNAL_DERIVED,,,templates/TPL015_招聘_岗位JD模板.md,knowledge/templates/TPL015_招聘_岗位JD模板.md
TPL016,TEMPLATE,招聘,面试评价表模板,A07;A08,INTERNAL_DERIVED,,,templates/TPL016_招聘_面试评价表模板.md,knowledge/templates/TPL016_招聘_面试评价表模板.md
TPL017,TEMPLATE,培训绩效,培训计划模板,A08,INTERNAL_DERIVED,,,templates/TPL017_培训绩效_培训计划模板.md,knowledge/templates/TPL017_培训绩效_培训计划模板.md
TPL018,TEMPLATE,采购,采购申请模板,A09,INTERNAL_DERIVED,,,templates/TPL018_采购_采购申请模板.md,knowledge/templates/TPL018_采购_采购申请模板.md
TPL019,TEMPLATE,供应商,供应商比选表模板,A09;A10,INTERNAL_DERIVED,,,templates/TPL019_供应商_供应商比选表模板.md,knowledge/templates/TPL019_供应商_供应商比选表模板.md
TPL020,TEMPLATE,合同履约,合同审查清单模板,A10;A11,INTERNAL_DERIVED,,,templates/TPL020_合同履约_合同审查清单模板.md,knowledge/templates/TPL020_合同履约_合同审查清单模板.md
TPL021,TEMPLATE,公文规范,文档格式检查清单,A05;A06,INTERNAL_DERIVED,,,templates/TPL021_公文规范_文档格式检查清单.md,knowledge/templates/TPL021_公文规范_文档格式检查清单.md
TPL022,TEMPLATE,公文规范,格式修复与模板映射记录,A06,INTERNAL_DERIVED,,,templates/TPL022_公文规范_格式修复与模板映射记录.md,knowledge/templates/TPL022_公文规范_格式修复与模板映射记录.md
TPL023,TEMPLATE,培训绩效,绩效目标表,A08;A12,INTERNAL_DERIVED,,,templates/TPL023_培训绩效_绩效目标表.md,knowledge/templates/TPL023_培训绩效_绩效目标表.md
TPL024,TEMPLATE,培训绩效,中期绩效回顾表,A02;A08,INTERNAL_DERIVED,,,templates/TPL024_培训绩效_中期绩效回顾表.md,knowledge/templates/TPL024_培训绩效_中期绩效回顾表.md
TPL025,TEMPLATE,培训绩效,绩效评价反馈与改进计划模板,A07;A08,INTERNAL_DERIVED,,,templates/TPL025_培训绩效_绩效评价反馈与改进计划模板.md,knowledge/templates/TPL025_培训绩效_绩效评价反馈与改进计划模板.md
TPL026,TEMPLATE,招投标,招标文件审查清单,A09;A10;A11,INTERNAL_DERIVED,,,templates/TPL026_招投标_招标文件审查清单.md,knowledge/templates/TPL026_招投标_招标文件审查清单.md
TPL027,TEMPLATE,招投标,投标文件审核报告模板,A01;A10;A11,INTERNAL_DERIVED,,,templates/TPL027_招投标_投标文件审核报告模板.md,knowledge/templates/TPL027_招投标_投标文件审核报告模板.md
TPL028,TEMPLATE,招投标,招投标问题定位模板,A10;A11,INTERNAL_DERIVED,,,templates/TPL028_招投标_招投标问题定位模板.md,knowledge/templates/TPL028_招投标_招投标问题定位模板.md
DATA001,BUSINESS_DATA,结构化业务数据,员工花名册,A07;A08,SYNTHETIC,,,business_data/DATA001_结构化业务数据_员工花名册.xlsx,knowledge/business_data/DATA001_结构化业务数据_员工花名册.xlsx
DATA002,BUSINESS_DATA,结构化业务数据,客户主数据,A01;A02;A12,SYNTHETIC,,,business_data/DATA002_结构化业务数据_客户主数据.xlsx,knowledge/business_data/DATA002_结构化业务数据_客户主数据.xlsx
DATA003,BUSINESS_DATA,结构化业务数据,供应商主数据,A09;A10;A11,SYNTHETIC,,,business_data/DATA003_结构化业务数据_供应商主数据.xlsx,knowledge/business_data/DATA003_结构化业务数据_供应商主数据.xlsx
DATA004,BUSINESS_DATA,结构化业务数据,项目主数据,A02;A03;A12,SYNTHETIC,,,business_data/DATA004_结构化业务数据_项目主数据.xlsx,knowledge/business_data/DATA004_结构化业务数据_项目主数据.xlsx
DATA005,BUSINESS_DATA,结构化业务数据,合同台账,A10;A11;A12,SYNTHETIC,,,business_data/DATA005_结构化业务数据_合同台账.xlsx,knowledge/business_data/DATA005_结构化业务数据_合同台账.xlsx
DATA006,BUSINESS_DATA,结构化业务数据,采购订单台账,A09;A11;A12,SYNTHETIC,,,business_data/DATA006_结构化业务数据_采购订单台账.xlsx,knowledge/business_data/DATA006_结构化业务数据_采购订单台账.xlsx
DATA007,BUSINESS_DATA,结构化业务数据,项目工时台账,A02;A08;A12,SYNTHETIC,,,business_data/DATA007_结构化业务数据_项目工时台账.xlsx,knowledge/business_data/DATA007_结构化业务数据_项目工时台账.xlsx
DATA008,BUSINESS_DATA,结构化业务数据,项目成本台账,A02;A11;A12,SYNTHETIC,,,business_data/DATA008_结构化业务数据_项目成本台账.xlsx,knowledge/business_data/DATA008_结构化业务数据_项目成本台账.xlsx
DATA009,BUSINESS_DATA,结构化业务数据,年度预算台账,A02;A11;A12,SYNTHETIC,,,business_data/DATA009_结构化业务数据_年度预算台账.xlsx,knowledge/business_data/DATA009_结构化业务数据_年度预算台账.xlsx
DATA010,BUSINESS_DATA,结构化业务数据,项目收入台账,A02;A11;A12,SYNTHETIC,,,business_data/DATA010_结构化业务数据_项目收入台账.xlsx,knowledge/business_data/DATA010_结构化业务数据_项目收入台账.xlsx
DATA011,BUSINESS_DATA,结构化业务数据,人员能力标签,A07;A08;A02,SYNTHETIC,,,business_data/DATA011_结构化业务数据_人员能力标签.xlsx,knowledge/business_data/DATA011_结构化业务数据_人员能力标签.xlsx
DATA012,BUSINESS_DATA,结构化业务数据,经营指标字典,A02;A03;A12,SYNTHETIC,,,business_data/DATA012_结构化业务数据_经营指标字典.xlsx,knowledge/business_data/DATA012_结构化业务数据_经营指标字典.xlsx
